dealer_id,region,month,service_revenue,parts_revenue,repair_orders,csi_score,retention_rate,avg_turnaround_days,warranty_claims
D001,South,2023-01-01,182566.68,83239.12,1140.66,86.03,0.81,3.55,22
D001,South,2023-02-01,184808.55,82128.87,1704.17,89.13,0.84,2.4,38
D001,South,2023-03-01,203356.61,64692.07,1240.2,89.23,0.84,3.24,26
D001,South,2023-04-01,204921.58,100091.97,1789.26,92.98,0.88,1.79,21
D001,South,2023-05-01,186522.97,62424.19,1339.86,93.64,0.89,2.21,16
D001,South,2023-06-01,157599.0,76487.8,1305.51,92.01,0.87,2.28,26
D001,South,2023-07-01,213791.97,89226.13,1528.92,87.92,0.83,2.49,19
D001,South,2023-08-01,132918.11,47677.41,980.97,90.27,0.85,3.07,34
D001,South,2023-09-01,146822.47,46848.41,1604.55,94.12,0.89,2.17,25
D001,South,2023-10-01,143852.55,67579.45,1180.53,89.43,0.84,2.17,29
D001,South,2023-11-01,148743.63,71270.91,1893.41,92.32,0.87,1.77,31
D001,South,2023-12-01,178849.76,85149.22,1572.41,90.84,0.86,1.98,23
D001,South,2024-01-01,161111.94,76794.98,1267.79,89.57,0.85,2.46,21
D001,South,2024-02-01,178587.72,72652.68,1482.81,86.31,0.81,3.44,17
D001,South,2024-03-01,191378.94,78775.47,1526.55,88.89,0.84,2.23,23
D001,South,2024-04-01,202324.45,74660.6,1769.7,83.0,0.78,3.5,21
D001,South,2024-05-01,230701.3,72940.98,1294.56,93.52,0.89,2.14,25
D001,South,2024-06-01,193003.56,84759.94,1254.96,91.53,0.87,2.45,27
D001,South,2024-07-01,161168.46,51450.66,1456.96,88.97,0.84,3.08,28
D001,South,2024-08-01,160243.0,70371.81,960.26,90.8,0.86,2.11,35
D001,South,2024-09-01,149284.88,53111.72,1442.63,91.78,0.87,2.67,40
D001,South,2024-10-01,150004.35,56170.11,1629.26,85.76,0.81,1.74,24
D001,South,2024-11-01,135041.8,60611.37,1002.1,94.83,0.9,3.15,31
D001,South,2024-12-01,161690.3,64247.39,1366.01,92.38,0.87,2.61,30
D002,Northeast,2023-01-01,220076.09,67093.1,1793.15,79.92,0.5,2.09,24
D002,Northeast,2023-02-01,285103.62,140477.39,1500.69,77.38,0.47,3.12,20
D002,Northeast,2023-03-01,303970.82,133505.8,1792.36,81.03,0.51,2.1,23
D002,Northeast,2023-04-01,259055.33,96342.22,2125.84,81.44,0.51,2.3,27
D002,Northeast,2023-05-01,323868.19,139260.98,1762.38,77.44,0.47,3.15,19
D002,Northeast,2023-06-01,286257.19,118984.52,1636.92,82.84,0.53,1.79,24
D002,Northeast,2023-07-01,221706.09,89668.73,1399.55,77.51,0.48,2.29,14
D002,Northeast,2023-08-01,222823.92,90940.46,1718.13,80.93,0.51,2.92,25
D002,Northeast,2023-09-01,191955.5,60598.68,826.18,74.48,0.44,2.86,23
D002,Northeast,2023-10-01,187786.74,76963.52,1426.89,85.18,0.55,3.21,32
D002,Northeast,2023-11-01,186436.36,84188.92,922.72,75.63,0.46,2.83,29
D002,Northeast,2023-12-01,217031.42,72627.48,811.36,86.22,0.56,2.04,15
D002,Northeast,2024-01-01,243898.65,114948.94,2204.4,81.47,0.51,2.16,35
D002,Northeast,2024-02-01,251390.45,94933.58,1447.01,77.87,0.48,3.7,21
D002,Northeast,2024-03-01,271233.62,98673.47,1832.87,81.55,0.52,2.44,22
D002,Northeast,2024-04-01,271650.15,121431.48,1573.31,76.02,0.46,3.07,19
D002,Northeast,2024-05-01,266233.07,129429.59,2168.76,82.8,0.53,2.75,14
D002,Northeast,2024-06-01,287656.29,115364.69,1477.35,82.57,0.53,2.92,15
D002,Northeast,2024-07-01,287130.58,111891.66,1819.57,86.3,0.56,1.67,17
D002,Northeast,2024-08-01,234896.61,73173.06,785.7,81.52,0.52,3.35,20
D002,Northeast,2024-09-01,212361.73,68003.44,1577.0,78.11,0.48,2.5,27
D002,Northeast,2024-10-01,198356.59,91751.81,1040.59,85.56,0.56,2.86,39
D002,Northeast,2024-11-01,194696.82,76658.39,1239.06,82.06,0.52,2.51,43
D002,Northeast,2024-12-01,250450.72,89446.57,1257.34,83.45,0.53,2.74,28
D003,Midwest,2023-01-01,212888.31,95250.52,1457.02,85.52,0.71,2.13,19
D003,Midwest,2023-02-01,188816.08,66687.49,1465.72,87.18,0.72,1.67,19
D003,Midwest,2023-03-01,223282.91,93903.05,1532.34,81.44,0.66,2.69,28
D003,Midwest,2023-04-01,231675.36,77140.21,2173.38,86.91,0.72,3.05,18
D003,Midwest,2023-05-01,223883.01,84761.63,1850.85,84.19,0.69,3.18,21
D003,Midwest,2023-06-01,212753.29,94722.91,1916.49,84.65,0.7,2.57,19
D003,Midwest,2023-07-01,181725.82,62049.47,1600.78,85.23,0.7,2.75,25
D003,Midwest,2023-08-01,184007.83,90825.3,1196.28,90.84,0.76,2.67,30
D003,Midwest,2023-09-01,153321.98,73691.17,1290.57,90.15,0.75,2.84,30
D003,Midwest,2023-10-01,156950.24,61239.17,1612.46,92.72,0.78,2.5,35
D003,Midwest,2023-11-01,160636.75,75245.19,1271.95,86.11,0.71,2.04,31
D003,Midwest,2023-12-01,143881.14,59991.71,1898.68,87.53,0.73,3.07,26
D003,Midwest,2024-01-01,177959.51,71726.08,1522.81,84.78,0.7,2.82,23
D003,Midwest,2024-02-01,210931.67,85824.87,1488.75,85.22,0.7,2.83,20
D003,Midwest,2024-03-01,210353.78,83348.29,1802.92,82.05,0.67,3.38,13
D003,Midwest,2024-04-01,229641.51,111332.12,1913.63,92.02,0.77,2.66,11
D003,Midwest,2024-05-01,228358.42,74587.2,2064.91,89.46,0.74,2.62,19
D003,Midwest,2024-06-01,197978.25,81724.04,1840.14,87.4,0.72,1.78,20
D003,Midwest,2024-07-01,160787.49,63658.41,1968.84,89.39,0.74,3.39,26
D003,Midwest,2024-08-01,181098.62,76335.07,1271.87,89.13,0.74,2.18,25
D003,Midwest,2024-09-01,155639.66,73176.09,1283.34,87.45,0.72,2.95,33
D003,Midwest,2024-10-01,156099.92,61710.03,1627.95,89.11,0.74,2.41,30
D003,Midwest,2024-11-01,148289.11,67257.4,1243.4,89.38,0.74,2.03,31
D003,Midwest,2024-12-01,198578.09,81374.2,824.87,93.79,0.79,2.69,32
D004,West,2023-01-01,249643.41,121743.13,1318.8,80.53,0.56,3.06,30
D004,West,2023-02-01,269115.74,89543.2,1780.17,88.49,0.63,2.37,20
D004,West,2023-03-01,311771.12,120913.25,1616.18,86.91,0.62,1.62,21
D004,West,2023-04-01,271300.52,130201.17,2098.59,86.38,0.61,1.47,22
D004,West,2023-05-01,292139.98,123871.6,1613.64,79.53,0.55,3.0,18
D004,West,2023-06-01,275304.87,123553.87,1673.62,83.24,0.58,2.38,20
D004,West,2023-07-01,237210.44,108988.49,1206.37,85.52,0.61,2.19,27
D004,West,2023-08-01,235194.78,96087.63,1141.08,88.34,0.63,1.57,27
D004,West,2023-09-01,204941.77,82218.08,961.03,87.54,0.63,2.41,39
D004,West,2023-10-01,203114.83,67131.04,1651.69,78.33,0.53,3.57,40
D004,West,2023-11-01,184582.67,91731.73,1208.99,77.51,0.53,3.86,27
D004,West,2023-12-01,215871.69,64961.49,1076.73,83.61,0.59,1.81,25
D004,West,2024-01-01,235932.08,81377.92,2000.71,83.19,0.58,1.89,24
D004,West,2024-02-01,238545.15,88853.01,2260.16,77.74,0.53,2.97,22
D004,West,2024-03-01,284754.45,97380.65,1751.32,89.74,0.65,2.48,20
D004,West,2024-04-01,265166.26,102924.96,2248.59,83.19,0.58,1.35,18
D004,West,2024-05-01,259166.34,79065.76,2376.54,81.8,0.57,2.47,17
D004,West,2024-06-01,267329.01,116121.99,1476.91,84.19,0.59,2.47,15
D004,West,2024-07-01,256234.3,119416.45,1633.28,78.88,0.54,3.08,32
D004,West,2024-08-01,201837.83,64003.12,1438.06,82.3,0.57,2.07,33
D004,West,2024-09-01,189157.17,79078.85,890.84,85.36,0.6,2.69,28
D004,West,2024-10-01,160287.02,78491.06,1069.22,84.92,0.6,2.69,38
D004,West,2024-11-01,194621.2,68844.42,1226.07,77.73,0.53,3.7,30
D004,West,2024-12-01,210901.22,74756.36,1402.88,77.7,0.53,2.1,30
D005,South,2023-01-01,158879.48,70929.66,1713.49,89.48,0.84,2.54,31
D005,South,2023-02-01,182503.72,67667.69,2130.13,91.64,0.87,2.5,26
D005,South,2023-03-01,199592.21,97772.51,1942.78,87.91,0.83,2.43,17
D005,South,2023-04-01,211167.63,99097.08,1698.98,86.77,0.82,2.85,19
D005,South,2023-05-01,179347.38,75264.42,1479.31,88.89,0.84,2.39,25
D005,South,2023-06-01,175413.94,86239.49,1664.77,90.28,0.85,3.17,30
D005,South,2023-07-01,185237.52,81251.67,1543.48,89.27,0.84,2.33,25
D005,South,2023-08-01,159329.42,53936.16,1191.44,91.85,0.87,2.23,16
D005,South,2023-09-01,151511.73,61284.51,1574.51,84.25,0.79,3.36,29
D005,South,2023-10-01,108540.61,41342.8,1511.56,92.61,0.88,3.24,34
D005,South,2023-11-01,147881.67,56988.19,1186.09,88.87,0.84,3.04,27
D005,South,2023-12-01,154406.71,64256.57,1200.09,90.69,0.86,1.89,28
D005,South,2024-01-01,162390.74,48825.91,941.6,91.66,0.87,2.41,26
D005,South,2024-02-01,185239.95,60182.15,1358.56,91.72,0.87,2.47,13
D005,South,2024-03-01,205176.02,95933.15,1977.37,90.54,0.86,2.12,25
D005,South,2024-04-01,207952.68,87226.75,1260.06,87.97,0.83,1.68,19
D005,South,2024-05-01,254921.33,114606.09,1712.98,88.21,0.83,2.68,20
D005,South,2024-06-01,197087.25,88106.38,1583.76,91.46,0.86,1.81,35
D005,South,2024-07-01,162871.27,77998.4,1512.98,90.63,0.86,3.05,27
D005,South,2024-08-01,159998.41,64679.69,1522.25,89.6,0.85,2.44,25
D005,South,2024-09-01,138953.1,67533.72,1319.02,90.24,0.85,2.22,43
D005,South,2024-10-01,131318.09,63261.21,1353.33,91.77,0.87,2.27,22
D005,South,2024-11-01,119718.56,36132.8,1185.33,88.92,0.84,2.81,28
D005,South,2024-12-01,164653.05,55117.72,1532.73,89.32,0.84,2.61,17
D006,Midwest,2023-01-01,224483.07,68448.79,1342.26,83.8,0.69,3.27,24
D006,Midwest,2023-02-01,274220.12,91239.82,1864.05,89.32,0.74,3.31,17
D006,Midwest,2023-03-01,254105.06,108682.05,1982.69,88.8,0.74,1.53,27
D006,Midwest,2023-04-01,266946.24,91461.37,1826.71,85.68,0.71,2.65,25
D006,Midwest,2023-05-01,238154.15,72995.5,1873.58,86.14,0.71,2.8,14
D006,Midwest,2023-06-01,266270.98,116390.52,1201.77,87.54,0.73,2.21,24
D006,Midwest,2023-07-01,208069.99,81364.53,1798.73,84.01,0.69,1.62,29
D006,Midwest,2023-08-01,207834.78,82323.65,1278.9,86.41,0.71,2.76,31
D006,Midwest,2023-09-01,168756.69,62461.13,1249.53,93.5,0.79,1.95,35
D006,Midwest,2023-10-01,183174.67,61088.11,1266.12,88.18,0.73,2.44,37
D006,Midwest,2023-11-01,172778.22,79990.27,1510.31,91.82,0.77,3.2,30
D006,Midwest,2023-12-01,186458.08,58981.54,1071.47,90.72,0.76,2.33,27
D006,Midwest,2024-01-01,203177.26,101439.66,1726.0,88.74,0.74,2.55,16
D006,Midwest,2024-02-01,221880.45,77999.09,2010.05,89.17,0.74,2.73,21
D006,Midwest,2024-03-01,226285.09,100708.53,2464.34,85.43,0.7,3.03,17
D006,Midwest,2024-04-01,279536.31,134868.63,1991.83,89.76,0.75,2.28,14
D006,Midwest,2024-05-01,262532.28,104607.45,1657.21,88.96,0.74,2.68,19
D006,Midwest,2024-06-01,188973.83,62872.5,1773.51,82.92,0.68,2.67,20
D006,Midwest,2024-07-01,192974.5,60728.95,1418.28,90.46,0.75,2.27,24
D006,Midwest,2024-08-01,189340.03,80172.06,1123.64,89.86,0.75,2.9,27
D006,Midwest,2024-09-01,185541.22,87882.39,1562.33,87.14,0.72,2.32,30
D006,Midwest,2024-10-01,174286.54,53657.37,1168.58,89.45,0.74,1.95,30
D006,Midwest,2024-11-01,182515.97,86436.58,1352.44,93.44,0.78,2.41,22
D006,Midwest,2024-12-01,194562.78,70351.18,1096.61,84.31,0.69,2.87,27
D007,Midwest,2023-01-01,189031.21,93707.73,1469.15,85.18,0.7,2.63,31
D007,Midwest,2023-02-01,232260.61,112352.72,1564.33,87.83,0.73,2.84,24
D007,Midwest,2023-03-01,262217.55,87018.86,1191.93,86.81,0.72,2.91,18
D007,Midwest,2023-04-01,272566.15,132231.37,2049.92,85.09,0.7,2.91,26
D007,Midwest,2023-05-01,257870.15,92671.79,1287.99,90.08,0.75,3.34,21
D007,Midwest,2023-06-01,266827.8,109169.23,2016.96,83.76,0.69,2.34,24
D007,Midwest,2023-07-01,212921.58,85187.6,1686.72,83.35,0.68,2.55,21
D007,Midwest,2023-08-01,201605.39,90596.45,759.86,85.59,0.71,2.8,35
D007,Midwest,2023-09-01,188295.3,92440.19,945.85,81.27,0.66,3.25,24
D007,Midwest,2023-10-01,172204.96,74740.26,1763.29,84.05,0.69,2.73,34
D007,Midwest,2023-11-01,174125.34,86252.12,1262.87,87.43,0.72,3.05,26
D007,Midwest,2023-12-01,175694.25,81372.74,1309.41,88.16,0.73,2.29,29
D007,Midwest,2024-01-01,243167.79,104397.08,1361.12,88.81,0.74,2.0,26
D007,Midwest,2024-02-01,247220.34,116251.62,1348.73,84.04,0.69,3.13,21
D007,Midwest,2024-03-01,251999.54,87455.71,1731.56,87.02,0.72,2.71,18
D007,Midwest,2024-04-01,260124.55,91401.72,1371.62,86.18,0.71,2.26,21
D007,Midwest,2024-05-01,231439.93,89924.46,2361.15,90.75,0.76,2.43,18
D007,Midwest,2024-06-01,216007.33,92679.67,1936.47,83.4,0.68,2.14,24
D007,Midwest,2024-07-01,188980.26,88135.22,1343.73,89.81,0.75,2.33,26
D007,Midwest,2024-08-01,183784.89,62131.23,934.73,81.44,0.66,2.35,29
D007,Midwest,2024-09-01,163902.33,80694.55,1565.42,82.89,0.68,2.77,28
D007,Midwest,2024-10-01,166191.64,62572.03,1292.07,85.5,0.71,2.28,26
D007,Midwest,2024-11-01,175543.16,83020.9,1278.74,83.42,0.68,3.68,27
D007,Midwest,2024-12-01,170109.2,68374.52,1155.96,88.62,0.74,2.37,29
D008,Northeast,2023-01-01,255094.87,95947.47,1470.33,77.14,0.47,2.92,23
D008,Northeast,2023-02-01,272086.39,119443.27,1659.3,81.37,0.51,2.77,31
D008,Northeast,2023-03-01,336635.59,112762.06,1956.14,81.0,0.51,1.26,12
D008,Northeast,2023-04-01,274744.33,89850.53,1820.39,81.45,0.51,2.75,17
D008,Northeast,2023-05-01,270122.17,115656.93,1709.09,76.25,0.46,2.44,12
D008,Northeast,2023-06-01,289582.16,113504.65,1699.06,79.44,0.49,2.18,25
D008,Northeast,2023-07-01,257011.27,118943.29,1500.91,83.12,0.53,1.94,24
D008,Northeast,2023-08-01,277922.47,132658.19,980.94,73.36,0.43,2.22,33
D008,Northeast,2023-09-01,197664.3,60058.01,597.51,79.72,0.5,2.86,24
D008,Northeast,2023-10-01,180703.53,62928.25,1196.33,75.49,0.45,2.81,29
D008,Northeast,2023-11-01,208715.19,68878.05,1008.71,69.88,0.4,2.95,28
D008,Northeast,2023-12-01,218047.33,99648.35,1169.35,86.48,0.56,2.91,23
D008,Northeast,2024-01-01,305605.52,131982.1,1318.29,76.85,0.47,2.8,25
D008,Northeast,2024-02-01,282921.77,126603.75,2314.42,80.86,0.51,2.44,14
D008,Northeast,2024-03-01,258478.87,95621.84,1417.84,77.02,0.47,3.09,14
D008,Northeast,2024-04-01,290989.47,131781.72,2158.58,87.68,0.58,1.66,16
D008,Northeast,2024-05-01,334864.97,143583.69,1955.58,86.38,0.56,2.22,24
D008,Northeast,2024-06-01,326581.23,140853.09,1529.57,73.45,0.43,1.84,22
D008,Northeast,2024-07-01,247718.78,118257.23,1416.96,82.17,0.52,2.02,21
D008,Northeast,2024-08-01,233617.08,91603.1,1482.56,83.66,0.54,3.01,22
D008,Northeast,2024-09-01,217306.97,100734.18,1078.63,82.43,0.52,2.27,30
D008,Northeast,2024-10-01,216571.11,86990.57,1335.72,82.98,0.53,1.77,32
D008,Northeast,2024-11-01,206478.65,62328.95,936.52,84.58,0.55,2.78,24
D008,Northeast,2024-12-01,218532.13,97599.57,1027.11,76.75,0.47,2.91,28
D009,Midwest,2023-01-01,207989.76,62855.82,1748.1,87.96,0.73,3.19,31
D009,Midwest,2023-02-01,205485.54,77483.5,1651.93,84.11,0.69,3.26,25
D009,Midwest,2023-03-01,231913.69,77847.52,1613.32,86.94,0.72,2.15,21
D009,Midwest,2023-04-01,239732.77,105623.55,1685.94,92.18,0.77,2.32,22
D009,Midwest,2023-05-01,266233.08,116898.46,1954.54,89.95,0.75,1.58,17
D009,Midwest,2023-06-01,236392.87,85075.12,1941.13,83.19,0.68,2.41,26
D009,Midwest,2023-07-01,202883.91,99425.81,1591.13,93.06,0.78,1.98,26
D009,Midwest,2023-08-01,174813.3,68587.4,998.76,90.42,0.75,1.02,30
D009,Midwest,2023-09-01,172124.07,82754.27,1264.97,85.99,0.71,2.48,28
D009,Midwest,2023-10-01,158612.03,56552.98,1195.6,85.09,0.7,1.85,36
D009,Midwest,2023-11-01,143550.84,47555.0,1501.39,82.27,0.67,3.22,34
D009,Midwest,2023-12-01,193602.51,79312.0,1109.39,87.59,0.73,3.02,21
D009,Midwest,2024-01-01,222234.25,75168.1,1119.09,93.17,0.78,1.86,17
D009,Midwest,2024-02-01,229712.14,79361.39,1661.6,87.84,0.73,2.44,24
D009,Midwest,2024-03-01,263853.55,123848.57,1374.29,89.63,0.75,2.16,14
D009,Midwest,2024-04-01,273596.82,97979.81,1706.07,87.4,0.72,2.41,24
D009,Midwest,2024-05-01,237917.46,87543.04,1805.02,87.93,0.73,3.25,23
D009,Midwest,2024-06-01,249958.21,102881.84,1775.36,83.98,0.69,2.09,21
D009,Midwest,2024-07-01,189080.79,70789.3,838.79,85.44,0.7,1.97,20
D009,Midwest,2024-08-01,179281.31,80944.86,1153.05,84.91,0.7,1.83,35
D009,Midwest,2024-09-01,174688.62,68044.81,935.4,91.12,0.76,2.39,37
D009,Midwest,2024-10-01,193500.87,59342.21,1243.87,84.29,0.69,3.03,37
D009,Midwest,2024-11-01,179836.64,80557.11,977.84,90.83,0.76,2.34,32
D009,Midwest,2024-12-01,174538.94,53386.72,1424.81,88.14,0.73,2.37,25
D010,Midwest,2023-01-01,226266.85,82105.46,1605.24,79.37,0.64,3.13,25
D010,Midwest,2023-02-01,209183.91,76779.2,1830.12,86.92,0.72,1.92,20
D010,Midwest,2023-03-01,247148.89,104837.03,2202.24,87.5,0.72,2.86,22
D010,Midwest,2023-04-01,238666.53,103876.15,2230.08,89.96,0.75,1.8,25
D010,Midwest,2023-05-01,257883.37,103806.04,2116.18,89.97,0.75,1.78,25
D010,Midwest,2023-06-01,222127.38,78201.58,1739.99,87.3,0.72,2.57,22
D010,Midwest,2023-07-01,201354.86,75725.56,1830.18,88.58,0.74,2.21,22
D010,Midwest,2023-08-01,181887.42,65196.39,1402.91,84.73,0.7,2.85,24
D010,Midwest,2023-09-01,168934.03,68948.68,1080.02,87.28,0.72,2.33,26
D010,Midwest,2023-10-01,155775.76,55993.22,1452.03,90.37,0.75,2.16,31
D010,Midwest,2023-11-01,173811.83,53348.77,1079.13,83.77,0.69,2.72,21
D010,Midwest,2023-12-01,182531.23,79189.36,1526.39,83.08,0.68,3.43,26
D010,Midwest,2024-01-01,212487.59,82588.83,1569.0,89.69,0.75,3.62,21
D010,Midwest,2024-02-01,231374.59,74235.37,1565.33,89.63,0.75,1.4,24
D010,Midwest,2024-03-01,273925.56,86063.7,1797.48,86.62,0.72,1.77,15
D010,Midwest,2024-04-01,238436.26,117860.6,1720.73,85.11,0.7,1.58,17
D010,Midwest,2024-05-01,230168.58,69403.38,1762.22,88.66,0.74,2.15,21
D010,Midwest,2024-06-01,241209.92,117312.62,1392.88,88.37,0.73,2.22,20
D010,Midwest,2024-07-01,198973.02,87638.02,1822.84,83.13,0.68,1.73,33
D010,Midwest,2024-08-01,158019.64,66618.08,1598.74,85.63,0.71,2.26,30
D010,Midwest,2024-09-01,154455.82,57737.22,692.24,87.02,0.72,2.29,20
D010,Midwest,2024-10-01,160319.05,78291.03,1494.34,80.11,0.65,3.34,39
D010,Midwest,2024-11-01,169453.25,54921.78,1398.09,88.0,0.73,1.95,26
D010,Midwest,2024-12-01,176526.27,73336.07,820.96,89.92,0.75,2.97,34
D011,Midwest,2023-01-01,190185.96,77692.27,1578.71,82.23,0.67,2.89,24
D011,Midwest,2023-02-01,206169.97,98534.9,1726.6,91.45,0.76,2.37,17
D011,Midwest,2023-03-01,278296.94,85981.42,1839.93,86.92,0.72,1.79,22
D011,Midwest,2023-04-01,232994.08,109121.53,2230.81,84.21,0.69,3.94,14
D011,Midwest,2023-05-01,233062.86,79654.55,1707.53,84.39,0.69,2.46,15
D011,Midwest,2023-06-01,212607.84,79532.21,1633.22,88.97,0.74,1.7,23
D011,Midwest,2023-07-01,192408.59,81076.26,1494.51,87.54,0.73,2.41,21
D011,Midwest,2023-08-01,187162.88,82689.07,1223.79,84.11,0.69,2.27,33
D011,Midwest,2023-09-01,168165.27,56007.18,1320.66,85.15,0.7,2.45,33
D011,Midwest,2023-10-01,166402.99,65278.08,1047.76,88.92,0.74,2.22,39
D011,Midwest,2023-11-01,168338.62,70467.03,821.36,85.85,0.71,3.0,33
D011,Midwest,2023-12-01,175450.21,69014.46,1243.4,87.39,0.72,2.63,27
D011,Midwest,2024-01-01,187606.22,74720.49,2302.05,81.13,0.66,3.7,33
D011,Midwest,2024-02-01,220398.66,86219.04,1751.29,89.35,0.74,3.25,13
D011,Midwest,2024-03-01,232446.83,99496.46,1399.67,85.71,0.71,1.87,16
D011,Midwest,2024-04-01,269962.9,115785.48,1965.63,87.57,0.73,2.53,13
D011,Midwest,2024-05-01,255226.31,78822.15,2185.42,88.76,0.74,1.84,23
D011,Midwest,2024-06-01,236340.38,84152.99,1420.27,90.61,0.76,2.34,25
D011,Midwest,2024-07-01,219778.51,70370.49,1617.18,81.42,0.66,2.86,19
D011,Midwest,2024-08-01,159029.15,75169.92,1521.8,87.53,0.73,1.53,34
D011,Midwest,2024-09-01,150918.36,51894.0,1607.6,84.64,0.7,2.4,36
D011,Midwest,2024-10-01,156624.57,66944.19,1509.42,86.41,0.71,1.65,26
D011,Midwest,2024-11-01,146900.82,47594.5,1296.32,86.04,0.71,2.5,33
D011,Midwest,2024-12-01,162037.61,54737.58,1292.3,88.59,0.74,3.03,29
D012,Midwest,2023-01-01,214596.54,77953.06,1239.86,89.75,0.75,2.22,22
D012,Midwest,2023-02-01,214160.31,102448.81,1930.8,86.6,0.72,2.54,15
D012,Midwest,2023-03-01,193726.69,82632.64,1712.55,87.47,0.72,2.55,23
D012,Midwest,2023-04-01,243752.37,78262.3,2021.68,84.53,0.7,3.06,31
D012,Midwest,2023-05-01,211419.15,72258.11,951.64,92.51,0.78,1.6,26
D012,Midwest,2023-06-01,216963.03,93613.19,1992.91,83.46,0.68,2.66,24
D012,Midwest,2023-07-01,207795.86,93034.26,1229.38,91.07,0.76,2.79,22
D012,Midwest,2023-08-01,171495.17,53441.05,1361.05,86.16,0.71,2.15,25
D012,Midwest,2023-09-01,164222.84,65454.78,993.56,86.71,0.72,2.53,29
D012,Midwest,2023-10-01,161854.67,65357.96,916.6,87.84,0.73,3.16,23
D012,Midwest,2023-11-01,175519.56,56875.61,1386.99,79.84,0.65,2.84,27
D012,Midwest,2023-12-01,185367.93,66725.06,1394.49,87.61,0.73,2.56,32
D012,Midwest,2024-01-01,177826.11,55684.28,1251.45,93.06,0.78,1.98,25
D012,Midwest,2024-02-01,220506.48,108391.72,1656.89,85.55,0.71,2.3,18
D012,Midwest,2024-03-01,259884.06,108023.33,1956.09,83.0,0.68,2.55,23
D012,Midwest,2024-04-01,271211.69,100087.54,1715.75,85.8,0.71,2.99,23
D012,Midwest,2024-05-01,222243.28,72641.32,2495.24,86.54,0.72,2.74,23
D012,Midwest,2024-06-01,195184.98,69279.11,1590.47,91.28,0.76,2.66,11
D012,Midwest,2024-07-01,180508.06,55956.74,1420.0,86.54,0.72,2.8,21
D012,Midwest,2024-08-01,186408.35,78051.45,1401.22,87.54,0.73,2.26,32
D012,Midwest,2024-09-01,189698.87,66293.7,1192.84,85.88,0.71,3.41,34
D012,Midwest,2024-10-01,147084.04,44481.25,899.9,84.8,0.7,2.92,34
D012,Midwest,2024-11-01,161614.78,64028.22,1223.79,85.4,0.7,2.16,27
D012,Midwest,2024-12-01,160514.86,72368.6,846.03,88.54,0.74,2.92,28
D013,Northeast,2023-01-01,267450.77,131388.94,1632.43,75.2,0.45,1.98,28
D013,Northeast,2023-02-01,226347.92,105915.42,1398.66,86.37,0.56,2.16,23
D013,Northeast,2023-03-01,277718.57,97496.39,2022.41,80.3,0.5,1.72,19
D013,Northeast,2023-04-01,296320.17,94529.28,2172.23,82.85,0.53,3.19,20
D013,Northeast,2023-05-01,279248.25,86310.23,1889.5,70.81,0.41,2.68,21
D013,Northeast,2023-06-01,269922.9,120014.65,1467.73,80.73,0.51,2.08,29
D013,Northeast,2023-07-01,244266.48,82616.72,1832.1,88.76,0.59,1.75,29
D013,Northeast,2023-08-01,206152.24,67014.18,1100.65,82.55,0.53,1.73,21
D013,Northeast,2023-09-01,237451.36,90918.69,1273.25,75.87,0.46,1.77,29
D013,Northeast,2023-10-01,202414.33,65984.7,1317.95,75.03,0.45,3.29,24
D013,Northeast,2023-11-01,217014.68,69368.09,1172.12,79.58,0.5,2.57,17
D013,Northeast,2023-12-01,238453.87,79039.17,1049.26,76.99,0.47,2.59,28
D013,Northeast,2024-01-01,294567.2,116795.92,769.48,81.15,0.51,2.53,30
D013,Northeast,2024-02-01,275926.4,121749.39,2614.71,69.08,0.39,4.4,22
D013,Northeast,2024-03-01,274333.96,135055.34,1907.82,84.02,0.54,2.51,22
D013,Northeast,2024-04-01,299644.6,94141.84,2287.02,74.32,0.44,2.65,15
D013,Northeast,2024-05-01,311972.13,94826.78,1327.99,79.62,0.5,2.42,20
D013,Northeast,2024-06-01,236718.94,87863.19,1847.1,78.54,0.49,2.21,18
D013,Northeast,2024-07-01,254629.3,126400.51,1710.28,77.57,0.48,3.0,30
D013,Northeast,2024-08-01,224004.18,110976.34,1277.84,80.42,0.5,2.38,22
D013,Northeast,2024-09-01,213837.66,72894.72,1042.47,89.66,0.6,2.58,33
D013,Northeast,2024-10-01,235568.81,77452.29,1317.42,88.11,0.58,1.98,29
D013,Northeast,2024-11-01,193868.76,79617.21,1581.13,70.54,0.41,3.22,28
D013,Northeast,2024-12-01,241393.87,84464.89,2031.43,75.56,0.46,2.13,38
D014,Northeast,2023-01-01,309254.91,134842.06,1717.42,74.13,0.44,2.37,24
D014,Northeast,2023-02-01,307751.83,116886.32,1522.82,79.41,0.49,2.51,21
D014,Northeast,2023-03-01,363214.78,109622.16,1586.49,72.42,0.42,3.7,24
D014,Northeast,2023-04-01,341126.31,115933.16,1929.31,76.35,0.46,2.58,16
D014,Northeast,2023-05-01,364043.35,153388.33,1653.94,82.46,0.52,2.27,29
D014,Northeast,2023-06-01,306560.42,104247.83,2117.62,86.07,0.56,2.89,14
D014,Northeast,2023-07-01,270535.36,110288.17,1729.94,82.72,0.53,1.75,30
D014,Northeast,2023-08-01,256579.63,109315.61,1574.29,73.64,0.44,1.61,24
D014,Northeast,2023-09-01,205784.95,81947.51,1241.21,74.93,0.45,2.52,23
D014,Northeast,2023-10-01,229950.11,72226.96,1330.25,81.64,0.52,2.01,33
D014,Northeast,2023-11-01,199057.41,69668.38,963.12,71.29,0.41,4.15,35
D014,Northeast,2023-12-01,209423.13,75718.85,1040.7,81.18,0.51,1.93,35
D014,Northeast,2024-01-01,293888.95,117739.7,857.92,83.4,0.53,2.64,31
D014,Northeast,2024-02-01,306861.73,119013.9,1286.0,82.16,0.52,2.49,25
D014,Northeast,2024-03-01,316138.57,105044.17,2373.85,80.74,0.51,1.7,21
D014,Northeast,2024-04-01,310421.35,108358.92,1747.41,78.19,0.48,2.01,31
D014,Northeast,2024-05-01,249849.61,96389.2,2257.07,74.39,0.44,3.57,21
D014,Northeast,2024-06-01,308326.32,146179.17,1831.13,73.97,0.44,3.68,16
D014,Northeast,2024-07-01,277704.07,94766.63,1258.18,79.38,0.49,2.88,24
D014,Northeast,2024-08-01,206513.17,94696.95,1337.66,83.78,0.54,2.52,30
D014,Northeast,2024-09-01,246792.77,114580.37,1272.94,83.97,0.54,2.71,28
D014,Northeast,2024-10-01,200442.83,94407.53,1178.37,76.25,0.46,2.98,25
D014,Northeast,2024-11-01,214573.74,87621.66,1473.52,85.31,0.55,2.24,30
D014,Northeast,2024-12-01,228584.43,78638.13,1011.34,79.06,0.49,1.74,27
D015,Midwest,2023-01-01,202677.16,76175.26,1594.72,81.84,0.67,3.0,17
D015,Midwest,2023-02-01,228160.61,87890.7,1458.91,88.6,0.74,3.71,26
D015,Midwest,2023-03-01,221004.81,75461.75,1477.89,89.96,0.75,2.98,19
D015,Midwest,2023-04-01,258818.56,100067.7,1272.17,91.08,0.76,2.84,17
D015,Midwest,2023-05-01,246103.16,108914.32,2241.78,84.81,0.7,1.75,24
D015,Midwest,2023-06-01,261669.01,85495.15,2119.02,89.89,0.75,0.93,23
D015,Midwest,2023-07-01,214201.97,91539.71,1256.1,86.12,0.71,3.11,24
D015,Midwest,2023-08-01,199672.65,62423.27,1484.1,87.2,0.72,2.92,32
D015,Midwest,2023-09-01,169810.73,76341.42,1138.34,87.31,0.72,1.96,28
D015,Midwest,2023-10-01,170153.36,80248.42,1466.69,86.93,0.72,2.63,34
D015,Midwest,2023-11-01,151900.3,65826.66,1298.22,89.84,0.75,2.42,35
D015,Midwest,2023-12-01,185049.89,76653.67,1298.56,87.64,0.73,1.74,24
D015,Midwest,2024-01-01,222784.4,67599.46,1571.88,85.68,0.71,2.56,25
D015,Midwest,2024-02-01,224219.21,85308.01,1867.71,91.8,0.77,2.12,25
D015,Midwest,2024-03-01,255933.64,106409.03,2130.98,83.56,0.69,2.12,22
D015,Midwest,2024-04-01,200351.42,79906.06,1311.2,86.7,0.72,2.66,18
D015,Midwest,2024-05-01,254417.42,81925.63,1830.92,84.8,0.7,2.87,36
D015,Midwest,2024-06-01,253705.7,117225.15,1767.14,88.82,0.74,1.73,22
D015,Midwest,2024-07-01,197566.63,61664.69,1446.26,86.05,0.71,2.28,33
D015,Midwest,2024-08-01,201683.97,86424.71,1430.94,87.54,0.73,2.52,31
D015,Midwest,2024-09-01,159494.55,55210.46,1291.45,82.71,0.68,3.03,31
D015,Midwest,2024-10-01,179628.42,85667.78,1079.18,89.42,0.74,2.32,32
D015,Midwest,2024-11-01,157130.14,76703.81,1130.02,81.14,0.66,2.53,28
D015,Midwest,2024-12-01,180720.17,74163.12,1527.22,86.48,0.71,2.62,18
D016,Northeast,2023-01-01,242014.29,86078.12,1643.83,76.03,0.46,2.45,18
D016,Northeast,2023-02-01,248205.18,92100.0,1499.48,77.32,0.47,2.72,17
D016,Northeast,2023-03-01,284765.25,102653.29,1461.19,79.47,0.49,3.24,21
D016,Northeast,2023-04-01,262290.37,111420.87,1765.63,78.49,0.48,1.59,17
D016,Northeast,2023-05-01,282421.81,110620.75,1536.12,83.22,0.53,3.15,26
D016,Northeast,2023-06-01,285360.13,116314.08,1557.97,73.56,0.44,2.91,26
D016,Northeast,2023-07-01,272649.44,101502.14,1481.4,77.7,0.48,2.6,29
D016,Northeast,2023-08-01,177729.12,60300.62,1864.12,76.5,0.46,3.93,23
D016,Northeast,2023-09-01,229877.64,75456.12,950.54,77.57,0.48,1.9,24
D016,Northeast,2023-10-01,181376.92,64777.23,934.83,77.39,0.47,2.78,28
D016,Northeast,2023-11-01,224125.17,102914.98,1288.34,77.13,0.47,2.57,37
D016,Northeast,2023-12-01,204854.26,72241.75,1494.4,80.89,0.51,2.97,27
D016,Northeast,2024-01-01,242733.09,117518.72,1227.09,80.65,0.51,2.04,24
D016,Northeast,2024-02-01,290723.89,96200.08,743.32,86.17,0.56,2.19,28
D016,Northeast,2024-03-01,289508.23,122469.46,1009.93,77.11,0.47,2.64,20
D016,Northeast,2024-04-01,292204.06,97051.46,1783.62,82.05,0.52,2.14,21
D016,Northeast,2024-05-01,274198.22,126210.47,1362.07,80.12,0.5,3.09,17
D016,Northeast,2024-06-01,256315.17,105898.23,1592.06,84.47,0.54,2.86,27
D016,Northeast,2024-07-01,238902.38,117611.27,1480.74,82.19,0.52,2.8,28
D016,Northeast,2024-08-01,188307.02,88433.09,1109.9,84.64,0.55,3.12,25
D016,Northeast,2024-09-01,169559.47,62512.74,1142.84,76.48,0.46,2.07,29
D016,Northeast,2024-10-01,200356.33,78978.87,1489.44,85.1,0.55,2.99,34
D016,Northeast,2024-11-01,182925.38,69599.68,1673.61,75.55,0.46,2.51,24
D016,Northeast,2024-12-01,238580.98,87898.37,1680.23,77.8,0.48,2.46,28
D017,South,2023-01-01,208361.13,86828.46,1019.2,90.69,0.86,1.9,18
D017,South,2023-02-01,238184.62,91027.35,1722.53,88.93,0.84,2.86,27
D017,South,2023-03-01,213763.82,67363.87,1502.33,91.78,0.87,2.05,27
D017,South,2023-04-01,240964.16,113902.11,2345.32,91.15,0.86,2.6,21
D017,South,2023-05-01,233819.02,89952.42,1514.18,88.3,0.83,2.88,22
D017,South,2023-06-01,216726.94,97318.18,1750.94,90.43,0.85,2.37,17
D017,South,2023-07-01,177146.82,65839.61,1539.88,88.77,0.84,2.85,26
D017,South,2023-08-01,158263.62,53944.05,1592.18,91.79,0.87,2.25,24
D017,South,2023-09-01,156514.89,67431.63,859.26,87.57,0.83,2.95,29
D017,South,2023-10-01,150535.87,64677.31,1156.85,88.37,0.83,2.68,29
D017,South,2023-11-01,130662.73,53092.48,803.31,87.99,0.83,2.56,30
D017,South,2023-12-01,169673.02,74999.37,940.33,92.25,0.87,2.27,16
D017,South,2024-01-01,179242.24,67381.35,1155.11,89.88,0.85,1.96,23
D017,South,2024-02-01,210861.71,63598.39,1898.43,84.27,0.79,2.52,19
D017,South,2024-03-01,219742.75,77981.63,1709.14,91.7,0.87,2.64,23
D017,South,2024-04-01,210871.41,99412.87,1560.65,89.02,0.84,2.68,22
D017,South,2024-05-01,201655.44,91962.51,937.01,90.39,0.85,1.68,20
D017,South,2024-06-01,208881.92,81140.28,1301.82,86.86,0.82,3.0,27
D017,South,2024-07-01,206967.91,68697.82,1326.24,88.95,0.84,2.51,36
D017,South,2024-08-01,155593.83,55320.43,1088.61,89.46,0.84,2.08,23
D017,South,2024-09-01,168060.13,62656.61,1210.36,88.53,0.84,2.52,30
D017,South,2024-10-01,150079.04,50860.21,934.74,89.48,0.84,2.29,27
D017,South,2024-11-01,147291.2,46767.65,1275.36,88.94,0.84,2.06,26
D017,South,2024-12-01,173376.85,77240.4,1490.28,85.22,0.8,3.43,22
D018,South,2023-01-01,179825.17,63592.45,1449.1,91.14,0.86,1.54,28
D018,South,2023-02-01,203326.5,87084.92,1822.72,91.72,0.87,2.25,18
D018,South,2023-03-01,227617.84,105890.76,1356.49,86.6,0.82,3.1,24
D018,South,2023-04-01,212892.31,92449.37,1664.39,92.13,0.87,2.55,21
D018,South,2023-05-01,209039.72,88607.34,1117.13,93.59,0.89,1.42,26
D018,South,2023-06-01,169190.21,82376.45,1956.25,89.19,0.84,3.2,18
D018,South,2023-07-01,191353.52,61341.92,1381.16,91.28,0.86,3.04,26
D018,South,2023-08-01,148076.33,64636.28,885.48,86.4,0.81,3.54,23
D018,South,2023-09-01,158616.1,71284.56,913.71,88.29,0.83,2.51,29
D018,South,2023-10-01,161150.12,59044.48,1123.98,89.44,0.84,2.46,29
D018,South,2023-11-01,143978.68,62308.92,1024.34,89.55,0.85,2.74,19
D018,South,2023-12-01,203443.62,85483.43,1519.66,90.17,0.85,2.14,31
D018,South,2024-01-01,211349.27,101458.82,1573.45,89.6,0.85,3.07,22
D018,South,2024-02-01,203159.86,71998.01,1865.37,93.93,0.89,2.27,20
D018,South,2024-03-01,178900.72,58485.38,2009.25,88.95,0.84,2.81,24
D018,South,2024-04-01,203000.96,65699.99,1332.9,90.15,0.85,2.13,21
D018,South,2024-05-01,215807.05,81142.55,1463.56,90.24,0.85,2.05,18
D018,South,2024-06-01,197143.44,66117.85,1639.6,89.38,0.84,2.9,27
D018,South,2024-07-01,170007.38,73868.46,1010.22,91.49,0.86,2.1,18
D018,South,2024-08-01,151361.82,66400.07,1629.65,91.35,0.86,2.91,31
D018,South,2024-09-01,145063.39,61422.91,809.07,90.15,0.85,2.37,31
D018,South,2024-10-01,134004.08,42506.96,1483.32,84.89,0.8,3.79,36
D018,South,2024-11-01,175613.67,61545.99,1235.36,92.84,0.88,2.67,27
D018,South,2024-12-01,172050.39,67656.46,1511.66,93.46,0.88,1.58,36
D019,Northeast,2023-01-01,274521.71,135424.17,1688.05,84.77,0.55,2.29,23
D019,Northeast,2023-02-01,261108.79,108607.22,1993.98,76.02,0.46,2.88,17
D019,Northeast,2023-03-01,295368.45,118106.2,1868.24,89.36,0.59,2.26,19
D019,Northeast,2023-04-01,350195.84,114538.93,1589.92,81.48,0.51,2.12,17
D019,Northeast,2023-05-01,248335.92,108056.98,1798.0,83.71,0.54,2.02,14
D019,Northeast,2023-06-01,255713.78,103818.28,1310.78,77.37,0.47,3.27,29
D019,Northeast,2023-07-01,246257.68,116723.08,1912.21,83.73,0.54,1.16,24
D019,Northeast,2023-08-01,214305.77,98212.47,1077.66,76.15,0.46,2.5,30
D019,Northeast,2023-09-01,197122.19,98078.13,996.34,82.98,0.53,1.88,29
D019,Northeast,2023-10-01,212942.62,78441.56,1507.53,85.07,0.55,2.35,23
D019,Northeast,2023-11-01,177203.33,69440.01,1330.54,81.83,0.52,2.53,28
D019,Northeast,2023-12-01,228547.71,71677.54,881.57,82.39,0.52,1.08,26
D019,Northeast,2024-01-01,256258.85,101393.19,1649.73,77.01,0.47,2.98,26
D019,Northeast,2024-02-01,290186.65,101226.48,1440.35,79.68,0.5,1.97,18
D019,Northeast,2024-03-01,313610.87,94543.27,1776.8,80.36,0.5,2.34,16
D019,Northeast,2024-04-01,321747.68,154616.73,1988.76,85.49,0.55,1.58,19
D019,Northeast,2024-05-01,247648.0,120700.06,2036.09,81.9,0.52,3.4,13
D019,Northeast,2024-06-01,252857.18,78659.61,1815.81,86.38,0.56,2.88,24
D019,Northeast,2024-07-01,228819.99,113885.54,1658.7,75.87,0.46,2.52,19
D019,Northeast,2024-08-01,200323.83,83643.09,1486.98,79.37,0.49,2.17,29
D019,Northeast,2024-09-01,238571.64,111830.7,1536.37,79.34,0.49,2.47,33
D019,Northeast,2024-10-01,190862.56,85184.33,1398.17,78.37,0.48,2.22,33
D019,Northeast,2024-11-01,251271.29,103953.56,1281.3,88.75,0.59,1.89,22
D019,Northeast,2024-12-01,198199.47,88431.83,1079.13,78.02,0.48,3.14,23
D020,South,2023-01-01,216933.59,74195.94,1978.33,85.92,0.81,2.92,28
D020,South,2023-02-01,210489.54,96667.05,1876.73,89.09,0.84,2.92,19
D020,South,2023-03-01,222926.1,79726.6,2643.78,92.17,0.87,2.41,30
D020,South,2023-04-01,204841.88,80775.28,1883.8,94.38,0.89,1.5,20
D020,South,2023-05-01,220802.13,105572.5,2137.93,91.61,0.87,3.25,28
D020,South,2023-06-01,195719.17,65792.37,1375.45,88.84,0.84,2.01,23
D020,South,2023-07-01,214233.03,67765.12,1133.13,90.02,0.85,1.77,30
D020,South,2023-08-01,144560.69,62143.14,1638.46,85.3,0.8,3.37,30
D020,South,2023-09-01,140305.92,66778.67,1490.0,89.13,0.84,2.46,36
D020,South,2023-10-01,143239.32,62306.05,1387.71,93.28,0.88,1.94,28
D020,South,2023-11-01,153124.44,74557.64,1267.82,90.78,0.86,2.87,44
D020,South,2023-12-01,180815.46,58971.78,1672.59,90.5,0.85,2.6,27
D020,South,2024-01-01,213885.21,96043.65,1215.63,89.35,0.84,1.99,23
D020,South,2024-02-01,192341.33,92208.25,1538.09,90.6,0.86,2.66,20
D020,South,2024-03-01,198791.88,69519.1,1747.49,88.56,0.84,2.84,24
D020,South,2024-04-01,234861.23,102884.38,1853.77,85.46,0.8,2.68,22
D020,South,2024-05-01,210165.38,96776.79,1503.55,92.38,0.87,2.51,18
D020,South,2024-06-01,216273.71,70578.2,1989.72,91.45,0.86,2.6,29
D020,South,2024-07-01,185805.27,73410.76,1454.93,90.57,0.86,2.55,26
D020,South,2024-08-01,161582.8,71755.17,2021.0,88.66,0.84,3.02,33
D020,South,2024-09-01,168192.13,62667.81,1502.46,88.92,0.84,2.82,37
D020,South,2024-10-01,136315.8,67106.0,1455.64,87.27,0.82,3.03,41
D020,South,2024-11-01,146016.73,47871.7,1575.59,89.98,0.85,2.45,27
D020,South,2024-12-01,169278.56,68406.95,1623.41,93.19,0.88,3.21,23
D021,Midwest,2023-01-01,217340.33,85544.3,1872.42,89.03,0.74,2.09,21
D021,Midwest,2023-02-01,224331.29,100785.9,1828.89,89.74,0.75,2.8,22
D021,Midwest,2023-03-01,201302.52,64634.43,2004.61,81.93,0.67,4.19,24
D021,Midwest,2023-04-01,247816.68,85835.83,2026.94,87.11,0.72,2.32,23
D021,Midwest,2023-05-01,234787.81,81447.87,1859.43,85.84,0.71,2.51,24
D021,Midwest,2023-06-01,209318.82,81726.54,1719.1,86.15,0.71,3.22,27
D021,Midwest,2023-07-01,203391.86,62307.98,1335.57,90.21,0.75,2.4,26
D021,Midwest,2023-08-01,185364.35,70388.13,1416.42,90.56,0.76,2.43,25
D021,Midwest,2023-09-01,167464.81,54321.55,908.03,86.69,0.72,2.49,24
D021,Midwest,2023-10-01,165363.95,76327.55,1188.1,84.76,0.7,2.93,27
D021,Midwest,2023-11-01,178116.85,83512.4,1298.01,83.34,0.68,2.54,22
D021,Midwest,2023-12-01,203985.53,66866.55,1304.45,87.91,0.73,1.56,33
D021,Midwest,2024-01-01,197258.17,59744.82,1526.15,89.41,0.74,3.67,26
D021,Midwest,2024-02-01,217081.23,101152.09,1200.71,85.0,0.7,2.31,21
D021,Midwest,2024-03-01,241677.4,83161.62,1520.72,88.81,0.74,2.27,14
D021,Midwest,2024-04-01,264444.86,106208.55,1805.22,90.88,0.76,2.92,22
D021,Midwest,2024-05-01,233422.04,91047.78,2345.12,89.09,0.74,2.8,21
D021,Midwest,2024-06-01,224092.72,104194.46,1871.86,84.13,0.69,3.28,23
D021,Midwest,2024-07-01,178052.41,74301.69,1981.88,89.21,0.74,2.32,25
D021,Midwest,2024-08-01,185315.88,70905.84,716.86,88.06,0.73,2.17,34
D021,Midwest,2024-09-01,156892.94,58376.54,885.78,87.94,0.73,2.41,36
D021,Midwest,2024-10-01,169398.04,62434.66,1059.09,92.08,0.77,2.43,25
D021,Midwest,2024-11-01,173898.35,61990.17,1010.12,87.61,0.73,2.84,37
D021,Midwest,2024-12-01,180809.86,75330.01,1302.63,87.55,0.73,2.21,23
D022,Midwest,2023-01-01,178176.37,65644.9,1736.11,80.2,0.65,2.61,33
D022,Midwest,2023-02-01,195711.56,88546.74,1471.43,84.77,0.7,3.29,20
D022,Midwest,2023-03-01,213835.59,95867.94,1960.92,84.68,0.7,2.83,19
D022,Midwest,2023-04-01,214023.27,83484.07,1532.89,87.69,0.73,2.88,23
D022,Midwest,2023-05-01,200934.6,90364.66,1432.25,88.28,0.73,1.73,20
D022,Midwest,2023-06-01,206268.07,83540.6,1315.44,86.12,0.71,2.72,18
D022,Midwest,2023-07-01,190277.01,89015.38,1143.76,90.13,0.75,1.94,23
D022,Midwest,2023-08-01,180675.53,56675.77,1622.16,92.87,0.78,1.82,27
D022,Midwest,2023-09-01,158445.17,50326.45,1148.57,85.47,0.7,2.84,23
D022,Midwest,2023-10-01,130265.74,53027.22,919.79,80.68,0.66,2.85,37
D022,Midwest,2023-11-01,155488.09,69013.24,1219.38,84.84,0.7,2.67,26
D022,Midwest,2023-12-01,166513.19,68750.52,1039.45,81.71,0.67,2.9,37
D022,Midwest,2024-01-01,162893.48,70587.79,1613.87,94.3,0.79,3.58,22
D022,Midwest,2024-02-01,181426.52,61596.33,1477.77,84.07,0.69,2.73,25
D022,Midwest,2024-03-01,218334.43,80652.84,1160.72,82.82,0.68,1.47,28
D022,Midwest,2024-04-01,210939.54,86603.97,1761.8,85.16,0.7,3.98,16
D022,Midwest,2024-05-01,199254.46,64006.92,1715.2,87.23,0.72,2.42,25
D022,Midwest,2024-06-01,177235.25,73616.71,2038.59,82.79,0.68,2.23,24
D022,Midwest,2024-07-01,163423.17,52511.9,1163.35,92.67,0.78,2.06,22
D022,Midwest,2024-08-01,171850.44,67215.85,1787.66,84.17,0.69,2.19,37
D022,Midwest,2024-09-01,158670.85,66970.62,1232.65,91.3,0.76,1.75,30
D022,Midwest,2024-10-01,139601.87,44660.86,1528.81,86.9,0.72,1.74,40
D022,Midwest,2024-11-01,151379.81,68615.84,989.62,88.36,0.73,2.95,31
D022,Midwest,2024-12-01,165493.82,59898.56,1556.2,84.57,0.7,2.85,32
D023,South,2023-01-01,184943.37,92305.64,1013.66,89.59,0.85,2.51,23
D023,South,2023-02-01,207791.79,75549.13,1794.29,95.18,0.9,1.26,18
D023,South,2023-03-01,241269.36,95934.37,2440.74,88.16,0.83,2.17,18
D023,South,2023-04-01,205845.85,101051.95,1568.06,93.11,0.88,1.6,22
D023,South,2023-05-01,190920.15,85565.42,2485.14,85.82,0.81,3.03,20
D023,South,2023-06-01,187581.73,90951.24,1320.67,94.06,0.89,1.93,29
D023,South,2023-07-01,165104.57,71788.72,1690.85,91.43,0.86,1.72,25
D023,South,2023-08-01,166607.78,78533.42,820.14,95.87,0.9,1.35,27
D023,South,2023-09-01,154905.72,55609.48,1641.77,90.59,0.86,2.62,21
D023,South,2023-10-01,153884.55,52958.22,1291.01,90.33,0.85,2.41,36
D023,South,2023-11-01,119048.69,50359.14,1253.44,90.04,0.85,1.81,35
D023,South,2023-12-01,137395.41,42660.77,1214.53,94.43,0.89,1.62,28
D023,South,2024-01-01,168148.27,82776.52,1883.59,88.7,0.84,3.02,24
D023,South,2024-02-01,184869.45,77996.64,1701.05,90.23,0.85,3.28,27
D023,South,2024-03-01,214876.6,105090.63,1783.22,91.83,0.87,2.1,20
D023,South,2024-04-01,231974.11,107663.44,2390.66,90.94,0.86,1.21,11
D023,South,2024-05-01,238334.13,76999.22,1730.96,92.39,0.87,2.84,17
D023,South,2024-06-01,209892.31,102328.37,2056.08,89.35,0.84,3.42,27
D023,South,2024-07-01,185069.37,75291.39,1828.52,88.29,0.83,3.03,37
D023,South,2024-08-01,163500.39,52442.96,1310.17,88.95,0.84,2.18,28
D023,South,2024-09-01,156028.1,57355.35,1016.85,91.21,0.86,2.67,23
D023,South,2024-10-01,146927.25,68902.93,877.58,91.61,0.87,2.55,26
D023,South,2024-11-01,155636.35,75509.38,965.3,87.3,0.82,3.24,31
D023,South,2024-12-01,168077.84,68923.72,1087.89,87.03,0.82,3.5,35
D024,Midwest,2023-01-01,191636.28,85717.88,1778.82,88.93,0.74,1.39,22
D024,Midwest,2023-02-01,195732.54,70834.41,1627.52,81.08,0.66,3.19,25
D024,Midwest,2023-03-01,231127.78,100627.13,1831.34,84.74,0.7,2.39,26
D024,Midwest,2023-04-01,263943.81,123726.98,1265.74,82.17,0.67,2.62,21
D024,Midwest,2023-05-01,227343.31,77912.5,1480.87,83.91,0.69,3.17,31
D024,Midwest,2023-06-01,208743.88,72712.13,1585.02,82.21,0.67,2.28,28
D024,Midwest,2023-07-01,191538.17,59794.6,1838.37,92.37,0.77,1.39,22
D024,Midwest,2023-08-01,199044.68,71413.92,1808.85,83.57,0.69,2.48,29
D024,Midwest,2023-09-01,179128.68,74097.24,1080.07,90.36,0.75,2.11,37
D024,Midwest,2023-10-01,144739.18,61708.75,1043.06,82.24,0.67,2.51,27
D024,Midwest,2023-11-01,146572.68,51538.11,1251.97,86.33,0.71,1.93,34
D024,Midwest,2023-12-01,192797.95,87444.08,1433.0,91.29,0.76,2.15,30
D024,Midwest,2024-01-01,200982.84,85978.97,1509.72,88.68,0.74,2.26,18
D024,Midwest,2024-02-01,198939.26,91313.58,867.35,82.55,0.68,3.56,24
D024,Midwest,2024-03-01,234287.37,82471.4,1617.49,89.86,0.75,2.75,24
D024,Midwest,2024-04-01,258040.6,115391.65,2102.28,86.03,0.71,1.54,28
D024,Midwest,2024-05-01,265355.33,123994.1,2091.63,85.9,0.71,3.58,20
D024,Midwest,2024-06-01,215106.21,80118.18,1828.5,86.31,0.71,2.75,21
D024,Midwest,2024-07-01,212376.9,76950.65,1682.67,87.52,0.73,2.14,25
D024,Midwest,2024-08-01,191557.84,83615.45,1688.96,83.11,0.68,2.74,20
D024,Midwest,2024-09-01,174320.98,82617.54,1120.43,84.39,0.69,2.6,32
D024,Midwest,2024-10-01,166415.6,58067.56,1481.63,88.92,0.74,2.29,31
D024,Midwest,2024-11-01,180151.67,55802.57,1408.92,88.5,0.74,2.64,21
D024,Midwest,2024-12-01,159727.82,66524.56,1216.36,87.97,0.73,2.46,29
D025,West,2023-01-01,233957.85,116734.44,1481.29,79.7,0.55,2.9,28
D025,West,2023-02-01,256938.04,91665.11,1869.37,84.37,0.59,2.26,14
D025,West,2023-03-01,296237.63,109211.02,2105.36,80.86,0.56,2.02,12
D025,West,2023-04-01,285819.12,114169.26,2168.98,81.81,0.57,2.52,16
D025,West,2023-05-01,259959.33,118259.25,1953.68,81.4,0.56,1.85,36
D025,West,2023-06-01,263844.89,92524.04,1397.56,84.52,0.6,2.78,22
D025,West,2023-07-01,219364.86,106524.2,1000.41,83.17,0.58,2.32,36
D025,West,2023-08-01,183239.98,74969.66,1496.89,74.71,0.5,2.14,18
D025,West,2023-09-01,215450.54,79099.75,1372.57,79.81,0.55,3.64,28
D025,West,2023-10-01,192729.55,78825.7,1319.19,78.43,0.53,2.38,25
D025,West,2023-11-01,178799.43,54271.71,1345.08,81.6,0.57,1.07,27
D025,West,2023-12-01,204734.72,89495.76,1292.11,81.6,0.57,2.2,23
D025,West,2024-01-01,238218.13,110395.39,1316.49,85.77,0.61,0.86,24
D025,West,2024-02-01,240919.12,114469.59,2406.76,86.27,0.61,1.91,25
D025,West,2024-03-01,253257.03,99162.48,1700.83,80.07,0.55,2.62,28
D025,West,2024-04-01,269950.57,117638.37,1530.08,84.14,0.59,2.36,20
D025,West,2024-05-01,294735.41,134501.26,1529.0,80.47,0.55,2.05,19
D025,West,2024-06-01,261244.29,85569.74,1740.87,84.7,0.6,2.46,19
D025,West,2024-07-01,240409.42,95352.85,1547.65,87.58,0.63,2.19,18
D025,West,2024-08-01,220783.94,81459.11,1447.89,83.0,0.58,2.89,21
D025,West,2024-09-01,201303.48,61550.6,908.19,79.72,0.55,2.66,23
D025,West,2024-10-01,191146.75,82741.29,991.39,78.71,0.54,2.69,30
D025,West,2024-11-01,218224.69,98224.86,1084.11,83.46,0.58,2.66,23
D025,West,2024-12-01,192830.43,80148.75,1322.24,80.37,0.55,3.37,31
D026,Northeast,2023-01-01,321441.15,155368.96,1321.96,82.22,0.52,2.66,25
D026,Northeast,2023-02-01,322638.11,126728.14,1743.03,79.45,0.49,2.51,23
D026,Northeast,2023-03-01,267040.2,100183.93,1803.64,86.12,0.56,2.41,16
D026,Northeast,2023-04-01,296330.16,112980.75,1871.15,68.8,0.39,2.86,22
D026,Northeast,2023-05-01,271374.62,133833.1,1831.24,83.39,0.53,2.45,25
D026,Northeast,2023-06-01,253393.18,107159.95,1262.56,84.97,0.55,2.28,18
D026,Northeast,2023-07-01,237934.95,82531.31,1018.47,83.81,0.54,2.5,19
D026,Northeast,2023-08-01,240044.42,109944.34,1219.32,84.26,0.54,2.29,25
D026,Northeast,2023-09-01,201844.97,98789.1,1548.58,82.64,0.53,3.09,38
D026,Northeast,2023-10-01,202327.38,98593.86,1317.62,77.01,0.47,2.89,37
D026,Northeast,2023-11-01,212437.13,88195.08,948.1,83.27,0.53,2.88,29
D026,Northeast,2023-12-01,239848.84,75418.7,1359.41,84.39,0.54,3.48,21
D026,Northeast,2024-01-01,257143.0,108674.61,1464.45,75.32,0.45,2.11,24
D026,Northeast,2024-02-01,298075.56,97319.92,2309.63,74.78,0.45,3.46,15
D026,Northeast,2024-03-01,314567.39,102479.93,1629.5,74.4,0.44,2.3,25
D026,Northeast,2024-04-01,342145.83,146383.8,2081.22,84.9,0.55,2.1,14
D026,Northeast,2024-05-01,312051.04,140976.43,1463.81,83.0,0.53,2.29,21
D026,Northeast,2024-06-01,279760.78,131387.03,569.25,80.48,0.5,2.19,28
D026,Northeast,2024-07-01,251381.65,104211.4,872.24,71.08,0.41,2.78,18
D026,Northeast,2024-08-01,224729.15,110084.97,1111.18,79.61,0.5,1.92,28
D026,Northeast,2024-09-01,194731.79,96022.94,733.22,80.5,0.51,1.72,34
D026,Northeast,2024-10-01,171920.42,75964.63,1186.33,85.2,0.55,2.21,31
D026,Northeast,2024-11-01,202719.12,96267.17,1343.08,81.54,0.52,2.98,22
D026,Northeast,2024-12-01,222329.14,88621.73,1533.66,82.31,0.52,2.01,31
D027,Northeast,2023-01-01,244573.82,78756.38,1829.45,84.27,0.54,2.39,28
D027,Northeast,2023-02-01,310176.97,105504.39,1954.03,83.97,0.54,2.47,24
D027,Northeast,2023-03-01,242059.42,78040.52,1798.99,78.52,0.49,3.2,24
D027,Northeast,2023-04-01,280043.49,85551.64,1879.45,82.22,0.52,2.48,20
D027,Northeast,2023-05-01,261660.96,89115.09,1730.72,78.91,0.49,3.69,12
D027,Northeast,2023-06-01,273550.98,117601.92,1193.84,77.72,0.48,1.98,23
D027,Northeast,2023-07-01,208799.59,92834.68,1360.21,72.52,0.43,4.48,21
D027,Northeast,2023-08-01,202351.24,71099.35,1284.08,83.04,0.53,2.71,37
D027,Northeast,2023-09-01,184864.6,67126.31,1403.39,81.51,0.52,3.09,21
D027,Northeast,2023-10-01,243176.04,73697.45,1398.52,85.15,0.55,2.45,28
D027,Northeast,2023-11-01,192290.23,64472.6,1252.28,82.28,0.52,1.35,29
D027,Northeast,2023-12-01,196133.58,74165.7,854.4,83.85,0.54,2.03,27
D027,Northeast,2024-01-01,220980.79,73772.36,1536.26,83.4,0.53,1.99,22
D027,Northeast,2024-02-01,254582.48,123095.76,1615.74,74.06,0.44,2.71,22
D027,Northeast,2024-03-01,285665.06,88604.93,1624.17,83.51,0.54,3.23,20
D027,Northeast,2024-04-01,328706.89,154457.39,2374.87,75.56,0.46,3.26,18
D027,Northeast,2024-05-01,283677.78,93138.07,1789.51,78.97,0.49,1.96,23
D027,Northeast,2024-06-01,296548.52,111011.57,1990.37,81.0,0.51,2.47,22
D027,Northeast,2024-07-01,213444.57,79523.72,1826.13,83.71,0.54,2.65,29
D027,Northeast,2024-08-01,194592.04,80247.74,1198.39,85.22,0.55,2.18,25
D027,Northeast,2024-09-01,219181.92,84441.93,1716.91,75.47,0.45,2.46,36
D027,Northeast,2024-10-01,192088.35,67893.96,1258.5,80.0,0.5,2.04,33
D027,Northeast,2024-11-01,180399.31,78366.18,1527.86,80.1,0.5,2.8,28
D027,Northeast,2024-12-01,225984.66,87988.65,1207.27,78.49,0.48,2.78,36
D028,South,2023-01-01,219784.46,81617.86,1129.65,91.4,0.86,2.29,33
D028,South,2023-02-01,219945.08,67717.46,1891.23,93.84,0.89,2.97,22
D028,South,2023-03-01,246055.06,87584.13,1894.67,93.78,0.89,2.12,17
D028,South,2023-04-01,212062.52,77594.97,2203.87,90.41,0.85,2.65,16
D028,South,2023-05-01,194754.64,78372.72,1365.07,86.68,0.82,2.89,20
D028,South,2023-06-01,195770.82,94573.6,1660.36,88.98,0.84,3.3,13
D028,South,2023-07-01,166581.92,81544.02,1434.1,93.57,0.89,2.31,25
D028,South,2023-08-01,175280.74,72290.85,1081.73,87.7,0.83,2.58,24
D028,South,2023-09-01,164905.84,81424.39,1816.8,93.16,0.88,2.13,26
D028,South,2023-10-01,150032.44,50748.24,865.93,87.63,0.83,3.34,26
D028,South,2023-11-01,142973.72,69600.55,1257.08,89.81,0.85,3.08,39
D028,South,2023-12-01,180960.09,58524.82,1060.1,95.15,0.9,2.46,29
D028,South,2024-01-01,184116.37,90235.57,1078.73,93.35,0.88,1.58,22
D028,South,2024-02-01,229439.53,78821.65,1564.99,88.38,0.83,2.63,18
D028,South,2024-03-01,211783.07,67125.33,1754.79,88.39,0.83,2.97,25
D028,South,2024-04-01,224224.36,77711.76,1972.62,88.36,0.83,2.66,24
D028,South,2024-05-01,235399.26,96731.23,1616.4,89.57,0.85,2.61,22
D028,South,2024-06-01,219967.0,101403.33,1363.14,95.79,0.9,2.52,17
D028,South,2024-07-01,188933.3,78809.91,877.61,88.53,0.84,2.24,26
D028,South,2024-08-01,158586.13,58873.32,1498.41,85.08,0.8,3.11,28
D028,South,2024-09-01,155517.32,75271.57,1129.49,93.24,0.88,1.87,40
D028,South,2024-10-01,149989.73,47595.33,979.69,88.37,0.83,3.27,24
D028,South,2024-11-01,129231.34,48694.86,1133.87,88.18,0.83,2.82,31
D028,South,2024-12-01,161425.41,67682.24,1663.16,91.14,0.86,1.99,20
D029,Northeast,2023-01-01,265955.32,84400.85,1321.34,87.78,0.58,2.64,27
D029,Northeast,2023-02-01,241165.74,87094.7,1535.42,80.5,0.51,3.65,14
D029,Northeast,2023-03-01,316194.61,141863.52,2215.31,80.1,0.5,2.63,30
D029,Northeast,2023-04-01,366995.19,128879.36,1480.54,80.75,0.51,3.15,23
D029,Northeast,2023-05-01,256305.24,102395.45,2076.02,80.55,0.51,1.61,20
D029,Northeast,2023-06-01,327166.5,132252.07,1132.95,83.53,0.54,3.0,21
D029,Northeast,2023-07-01,239219.21,86394.31,1888.83,74.65,0.45,2.52,32
D029,Northeast,2023-08-01,232335.71,97928.19,1680.0,80.3,0.5,3.05,28
D029,Northeast,2023-09-01,218644.12,78597.9,982.69,81.44,0.51,2.91,28
D029,Northeast,2023-10-01,198522.67,88127.36,762.74,73.04,0.43,2.94,11
D029,Northeast,2023-11-01,189886.99,65594.85,1510.84,83.91,0.54,2.21,25
D029,Northeast,2023-12-01,226070.53,87655.13,774.84,76.46,0.46,2.25,27
D029,Northeast,2024-01-01,271388.13,129552.06,1592.56,77.54,0.48,2.76,30
D029,Northeast,2024-02-01,307025.86,121220.08,1701.77,86.27,0.56,1.86,22
D029,Northeast,2024-03-01,323313.55,146412.65,1962.22,81.2,0.51,3.23,27
D029,Northeast,2024-04-01,285251.65,115145.75,1921.88,78.13,0.48,1.99,21
D029,Northeast,2024-05-01,293736.31,91910.14,1774.73,89.97,0.6,2.97,22
D029,Northeast,2024-06-01,279561.88,128972.29,1041.29,78.33,0.48,2.48,24
D029,Northeast,2024-07-01,261057.49,100565.73,2148.93,73.15,0.43,2.85,31
D029,Northeast,2024-08-01,188787.99,61354.46,1098.42,76.4,0.46,2.55,21
D029,Northeast,2024-09-01,190990.72,79444.71,882.1,78.96,0.49,3.38,35
D029,Northeast,2024-10-01,204447.7,94354.1,1099.42,83.6,0.54,2.16,32
D029,Northeast,2024-11-01,209349.87,96307.33,1035.14,76.37,0.46,2.89,26
D029,Northeast,2024-12-01,192290.47,93651.56,1079.84,83.04,0.53,1.6,24
D030,Midwest,2023-01-01,187692.15,73156.82,1110.11,87.95,0.73,2.18,27
D030,Midwest,2023-02-01,214486.44,103364.73,1442.41,84.34,0.69,2.61,20
D030,Midwest,2023-03-01,231411.15,113760.77,1318.52,83.25,0.68,2.08,26
D030,Midwest,2023-04-01,251355.77,85101.0,2011.25,84.83,0.7,2.43,16
D030,Midwest,2023-05-01,237827.14,115666.35,1741.07,88.29,0.73,1.91,20
D030,Midwest,2023-06-01,193173.3,93882.43,1593.65,88.84,0.74,0.95,18
D030,Midwest,2023-07-01,173822.22,53966.49,1738.0,86.46,0.71,2.68,20
D030,Midwest,2023-08-01,188955.73,67716.71,1237.9,90.35,0.75,1.98,26
D030,Midwest,2023-09-01,183334.38,56450.76,1522.95,88.73,0.74,3.1,26
D030,Midwest,2023-10-01,170453.9,65696.77,724.99,92.03,0.77,2.36,27
D030,Midwest,2023-11-01,164084.54,50766.59,1445.13,84.2,0.69,3.34,37
D030,Midwest,2023-12-01,167034.57,75256.66,642.83,81.78,0.67,1.91,30
D030,Midwest,2024-01-01,193422.21,73489.59,1679.38,84.52,0.7,2.67,31
D030,Midwest,2024-02-01,205994.61,89009.02,1184.29,87.79,0.73,2.32,21
D030,Midwest,2024-03-01,253056.08,117819.11,1616.68,86.05,0.71,2.25,20
D030,Midwest,2024-04-01,246002.14,81543.39,1516.75,89.54,0.75,2.52,27
D030,Midwest,2024-05-01,219095.94,73913.0,1798.78,82.44,0.67,2.92,21
D030,Midwest,2024-06-01,188202.54,65541.32,1429.52,90.63,0.76,1.98,18
D030,Midwest,2024-07-01,187285.79,59127.48,1662.52,90.03,0.75,2.96,26
D030,Midwest,2024-08-01,176284.88,54298.18,1342.29,83.95,0.69,2.65,24
D030,Midwest,2024-09-01,143457.22,67026.62,1769.91,94.36,0.79,1.87,34
D030,Midwest,2024-10-01,159688.22,68539.68,1548.3,87.14,0.72,2.38,30
D030,Midwest,2024-11-01,137435.04,44521.99,466.18,87.61,0.73,2.24,32
D030,Midwest,2024-12-01,182527.0,59540.84,1234.26,87.33,0.72,2.32,22
D031,Northeast,2023-01-01,253222.73,78918.14,1447.6,74.18,0.44,2.39,24
D031,Northeast,2023-02-01,297614.66,120483.62,1505.26,78.73,0.49,2.54,11
D031,Northeast,2023-03-01,362936.79,132116.99,1918.69,71.2,0.41,2.95,23
D031,Northeast,2023-04-01,314496.94,137649.1,1735.98,75.42,0.45,2.58,14
D031,Northeast,2023-05-01,278357.08,110890.1,1903.93,77.87,0.48,3.22,12
D031,Northeast,2023-06-01,310303.93,149665.25,1422.18,80.27,0.5,3.71,22
D031,Northeast,2023-07-01,298793.77,92411.11,1936.24,82.52,0.53,3.22,16
D031,Northeast,2023-08-01,213370.47,75982.41,1545.45,71.06,0.41,2.95,31
D031,Northeast,2023-09-01,223904.84,100177.87,522.07,85.37,0.55,2.61,22
D031,Northeast,2023-10-01,224742.07,104183.71,1135.4,76.04,0.46,2.95,29
D031,Northeast,2023-11-01,216028.19,78837.56,1201.66,75.01,0.45,1.04,23
D031,Northeast,2023-12-01,249270.99,80417.46,1296.81,79.49,0.49,3.05,24
D031,Northeast,2024-01-01,271474.37,106716.88,1771.35,81.73,0.52,2.28,22
D031,Northeast,2024-02-01,338918.97,130167.48,1530.17,81.15,0.51,2.81,22
D031,Northeast,2024-03-01,316234.26,156091.32,1978.35,85.05,0.55,2.95,18
D031,Northeast,2024-04-01,340815.73,127318.58,1678.81,81.97,0.52,2.52,11
D031,Northeast,2024-05-01,294769.03,119992.86,1581.7,79.48,0.49,2.32,29
D031,Northeast,2024-06-01,253916.78,126051.16,1444.95,78.76,0.49,2.4,20
D031,Northeast,2024-07-01,300362.25,94893.68,1478.76,79.68,0.5,2.4,18
D031,Northeast,2024-08-01,246400.46,95188.65,1198.54,85.57,0.56,2.32,39
D031,Northeast,2024-09-01,224244.56,82567.75,1253.98,77.15,0.47,2.81,31
D031,Northeast,2024-10-01,188081.35,92770.21,1514.04,75.4,0.45,3.03,33
D031,Northeast,2024-11-01,190924.29,67078.6,1197.78,77.34,0.47,3.22,28
D031,Northeast,2024-12-01,219803.94,80040.86,1421.01,74.18,0.44,2.42,31
D032,South,2023-01-01,199852.88,68559.28,1109.15,93.79,0.89,1.45,25
D032,South,2023-02-01,191572.0,72654.73,1614.7,89.09,0.84,3.05,22
D032,South,2023-03-01,234267.48,85710.1,1808.91,87.81,0.83,2.34,30
D032,South,2023-04-01,237105.35,112642.27,1652.21,87.87,0.83,3.7,20
D032,South,2023-05-01,280093.66,94619.99,1678.62,87.81,0.83,2.82,22
D032,South,2023-06-01,218978.56,69140.19,846.35,89.88,0.85,2.74,21
D032,South,2023-07-01,195399.05,85484.62,1580.58,94.5,0.9,2.11,25
D032,South,2023-08-01,161537.63,50451.69,1052.14,88.28,0.83,2.94,29
D032,South,2023-09-01,144620.42,62754.02,1093.53,87.6,0.83,2.08,35
D032,South,2023-10-01,151318.17,61840.89,978.85,89.55,0.85,2.25,24
D032,South,2023-11-01,142554.13,56142.88,794.17,93.02,0.88,2.07,32
D032,South,2023-12-01,156976.07,61537.84,1196.99,89.44,0.84,2.08,24
D032,South,2024-01-01,184531.85,60312.48,1562.5,91.76,0.87,2.11,21
D032,South,2024-02-01,245906.74,79490.52,856.79,85.43,0.8,3.28,24
D032,South,2024-03-01,214553.67,84939.87,1466.21,86.61,0.82,2.81,19
D032,South,2024-04-01,205623.44,88450.5,1234.39,91.09,0.86,3.05,19
D032,South,2024-05-01,225705.82,83193.65,2132.94,85.76,0.81,2.06,23
D032,South,2024-06-01,212588.93,104654.03,2065.01,87.95,0.83,2.63,20
D032,South,2024-07-01,205339.26,83896.62,1170.29,89.98,0.85,2.4,22
D032,South,2024-08-01,184245.26,89559.73,1668.87,88.49,0.83,2.46,32
D032,South,2024-09-01,162483.94,66954.72,666.22,93.29,0.88,2.21,30
D032,South,2024-10-01,179155.21,63042.9,1200.27,93.03,0.88,1.82,35
D032,South,2024-11-01,138725.64,46941.24,869.44,91.44,0.86,2.48,28
D032,South,2024-12-01,167654.86,65883.49,1130.61,85.13,0.8,3.56,28
D033,Northeast,2023-01-01,253894.91,93920.05,1259.16,79.27,0.49,1.91,21
D033,Northeast,2023-02-01,327817.21,117885.65,1937.78,81.58,0.52,1.67,24
D033,Northeast,2023-03-01,328618.99,122976.2,2092.68,86.4,0.56,3.06,19
D033,Northeast,2023-04-01,324972.56,126372.22,2220.52,74.56,0.45,2.6,23
D033,Northeast,2023-05-01,288204.51,96608.44,1522.67,81.0,0.51,3.11,22
D033,Northeast,2023-06-01,271570.75,116153.18,1639.06,77.08,0.47,2.25,25
D033,Northeast,2023-07-01,293271.59,96519.64,1222.31,80.77,0.51,2.29,25
D033,Northeast,2023-08-01,238589.95,114235.56,1064.52,84.2,0.54,1.81,20
D033,Northeast,2023-09-01,242523.12,106003.97,1281.91,80.92,0.51,3.07,24
D033,Northeast,2023-10-01,193657.54,91016.62,1316.73,74.86,0.45,2.97,33
D033,Northeast,2023-11-01,191899.86,85452.88,1166.56,81.17,0.51,2.97,40
D033,Northeast,2023-12-01,211847.81,102937.09,1103.4,86.67,0.57,2.45,27
D033,Northeast,2024-01-01,270569.04,90337.4,1937.25,80.14,0.5,3.37,19
D033,Northeast,2024-02-01,259172.78,101695.52,1723.78,86.85,0.57,2.69,27
D033,Northeast,2024-03-01,322748.22,97245.68,1635.33,77.59,0.48,2.43,20
D033,Northeast,2024-04-01,294435.45,96844.51,1841.36,78.55,0.49,2.22,19
D033,Northeast,2024-05-01,310863.4,100075.4,2022.43,77.45,0.47,2.52,24
D033,Northeast,2024-06-01,273293.44,134438.19,1808.2,82.89,0.53,1.41,23
D033,Northeast,2024-07-01,286946.26,119360.13,1644.31,79.47,0.49,2.1,24
D033,Northeast,2024-08-01,231426.96,107167.1,1063.82,87.15,0.57,2.68,28
D033,Northeast,2024-09-01,230756.86,72963.0,1410.12,79.83,0.5,2.87,36
D033,Northeast,2024-10-01,201060.0,94816.56,701.8,82.6,0.53,2.7,32
D033,Northeast,2024-11-01,198916.95,77074.25,1286.1,73.52,0.44,2.98,26
D033,Northeast,2024-12-01,259142.57,103672.47,1267.53,82.98,0.53,2.32,22
D034,Midwest,2023-01-01,194175.22,68484.57,1315.28,85.62,0.71,2.95,21
D034,Midwest,2023-02-01,206458.32,72404.67,1010.0,81.19,0.66,2.75,26
D034,Midwest,2023-03-01,249093.84,79463.75,1083.23,88.82,0.74,2.09,15
D034,Midwest,2023-04-01,237104.43,99854.12,1464.88,88.55,0.74,3.31,19
D034,Midwest,2023-05-01,259814.19,109877.55,1708.83,89.62,0.75,2.82,25
D034,Midwest,2023-06-01,203824.86,81352.78,1057.32,87.61,0.73,1.63,18
D034,Midwest,2023-07-01,179262.96,88668.65,1806.75,95.02,0.8,1.93,27
D034,Midwest,2023-08-01,206819.17,88817.35,1933.13,90.84,0.76,1.42,26
D034,Midwest,2023-09-01,153081.98,61342.09,1163.25,90.39,0.75,2.61,33
D034,Midwest,2023-10-01,160863.72,56549.89,1246.32,83.68,0.69,2.85,35
D034,Midwest,2023-11-01,160949.24,64129.14,1558.78,84.87,0.7,2.62,32
D034,Midwest,2023-12-01,182125.5,58781.44,1827.1,90.22,0.75,1.73,34
D034,Midwest,2024-01-01,207510.53,94178.68,1378.63,86.57,0.72,1.86,25
D034,Midwest,2024-02-01,215773.92,80239.37,914.5,87.99,0.73,2.4,17
D034,Midwest,2024-03-01,242578.97,108135.42,1411.93,85.23,0.7,2.49,27
D034,Midwest,2024-04-01,244414.58,106044.07,1699.66,85.97,0.71,2.43,20
D034,Midwest,2024-05-01,235100.75,112617.96,1599.28,88.52,0.74,1.91,24
D034,Midwest,2024-06-01,224814.71,76452.28,1869.54,83.83,0.69,1.9,22
D034,Midwest,2024-07-01,208392.72,72038.27,1796.32,87.5,0.72,1.73,20
D034,Midwest,2024-08-01,173440.65,83544.19,1432.81,88.67,0.74,2.09,37
D034,Midwest,2024-09-01,182923.84,64292.81,1068.7,86.5,0.72,2.47,31
D034,Midwest,2024-10-01,175913.63,76595.39,1163.5,92.35,0.77,3.13,38
D034,Midwest,2024-11-01,171691.52,65603.5,1353.56,86.51,0.72,1.97,30
D034,Midwest,2024-12-01,189833.28,70370.34,1003.69,85.52,0.71,2.89,19
D035,South,2023-01-01,201827.5,62677.8,1705.33,90.91,0.86,2.66,21
D035,South,2023-02-01,191074.16,61632.76,2225.12,91.7,0.87,2.84,20
D035,South,2023-03-01,224505.46,96212.88,2061.22,88.49,0.83,2.24,19
D035,South,2023-04-01,229790.1,78557.05,1601.65,90.01,0.85,2.15,18
D035,South,2023-05-01,215778.66,88691.92,1846.75,86.35,0.81,3.71,20
D035,South,2023-06-01,217939.05,75393.94,1561.72,91.95,0.87,1.86,16
D035,South,2023-07-01,158624.65,76566.37,1949.92,89.78,0.85,2.14,30
D035,South,2023-08-01,169916.76,81921.73,1316.49,90.88,0.86,2.56,30
D035,South,2023-09-01,134942.01,61708.52,1236.81,88.26,0.83,2.53,26
D035,South,2023-10-01,161016.03,80164.75,1302.43,89.47,0.84,2.46,36
D035,South,2023-11-01,143623.14,58029.0,1676.52,87.08,0.82,3.83,22
D035,South,2023-12-01,184063.9,70097.0,1601.3,88.84,0.84,2.63,28
D035,South,2024-01-01,179875.46,58079.56,1804.1,90.05,0.85,1.8,28
D035,South,2024-02-01,199374.63,94500.77,2270.56,88.69,0.84,2.42,22
D035,South,2024-03-01,259823.76,126676.64,1716.59,91.61,0.87,2.26,17
D035,South,2024-04-01,211162.25,65730.64,1694.93,87.15,0.82,2.48,18
D035,South,2024-05-01,214754.42,65273.56,1904.31,90.07,0.85,2.03,19
D035,South,2024-06-01,228121.59,94306.03,1898.26,90.13,0.85,3.07,22
D035,South,2024-07-01,179927.27,83156.2,1586.45,89.34,0.84,2.55,30
D035,South,2024-08-01,152694.3,50946.77,1019.79,88.73,0.84,2.7,28
D035,South,2024-09-01,168589.96,54320.86,841.69,87.53,0.83,2.46,33
D035,South,2024-10-01,132214.21,57322.96,1535.33,91.53,0.87,2.34,34
D035,South,2024-11-01,157131.63,54908.24,1183.49,89.3,0.84,2.21,29
D035,South,2024-12-01,175342.88,73812.4,899.99,86.44,0.81,3.16,35
D036,Midwest,2023-01-01,159322.38,60481.55,1601.81,86.35,0.71,2.53,28
D036,Midwest,2023-02-01,239067.79,80774.35,1841.05,89.46,0.74,3.16,27
D036,Midwest,2023-03-01,217731.97,67075.82,2004.75,85.11,0.7,2.09,21
D036,Midwest,2023-04-01,207462.66,73469.77,1829.68,85.78,0.71,1.88,26
D036,Midwest,2023-05-01,241441.38,82383.36,1496.73,87.34,0.72,2.12,20
D036,Midwest,2023-06-01,221828.68,94030.74,1550.05,90.16,0.75,3.13,32
D036,Midwest,2023-07-01,221949.21,103054.47,1441.97,89.71,0.75,1.9,27
D036,Midwest,2023-08-01,179388.57,55584.4,1392.86,83.07,0.68,2.95,24
D036,Midwest,2023-09-01,161659.13,56043.87,1300.97,86.14,0.71,2.47,34
D036,Midwest,2023-10-01,178397.17,57554.49,1148.21,85.8,0.71,2.16,31
D036,Midwest,2023-11-01,158977.6,65991.63,1089.43,88.83,0.74,2.32,36
D036,Midwest,2023-12-01,166433.27,66290.85,1131.37,87.69,0.73,2.46,32
D036,Midwest,2024-01-01,181462.21,85591.13,2158.99,87.02,0.72,2.69,25
D036,Midwest,2024-02-01,231450.29,79123.03,865.12,86.6,0.72,2.64,20
D036,Midwest,2024-03-01,241021.77,108975.81,2272.06,85.07,0.7,2.23,18
D036,Midwest,2024-04-01,226374.29,112546.89,1526.27,83.28,0.68,2.39,31
D036,Midwest,2024-05-01,227470.66,97389.75,1745.21,90.68,0.76,1.56,19
D036,Midwest,2024-06-01,201087.78,88040.62,2015.06,85.61,0.71,2.68,25
D036,Midwest,2024-07-01,191670.43,93726.26,2045.03,88.6,0.74,2.4,33
D036,Midwest,2024-08-01,178230.62,82112.34,1583.35,87.28,0.72,0.98,27
D036,Midwest,2024-09-01,170007.09,53899.06,1414.48,85.57,0.71,3.43,39
D036,Midwest,2024-10-01,158856.45,71986.22,1207.31,86.48,0.71,1.93,36
D036,Midwest,2024-11-01,174089.32,58697.07,1227.51,85.98,0.71,1.91,26
D036,Midwest,2024-12-01,155888.2,77078.29,1477.75,89.21,0.74,2.1,22
D037,Northeast,2023-01-01,229241.39,90935.11,1260.51,76.32,0.46,1.83,30
D037,Northeast,2023-02-01,281288.18,123634.39,1325.27,83.48,0.53,1.45,15
D037,Northeast,2023-03-01,303516.97,115737.45,1359.63,76.62,0.47,2.51,31
D037,Northeast,2023-04-01,338533.74,110197.91,1990.83,83.22,0.53,2.95,31
D037,Northeast,2023-05-01,285331.16,89359.67,1065.49,75.97,0.46,2.77,23
D037,Northeast,2023-06-01,263992.66,83378.72,1960.95,76.98,0.47,1.47,18
D037,Northeast,2023-07-01,251091.18,125511.25,1235.65,85.62,0.56,1.67,20
D037,Northeast,2023-08-01,216040.42,65617.81,1264.45,82.92,0.53,2.38,28
D037,Northeast,2023-09-01,224729.16,73937.36,1399.2,72.22,0.42,2.99,37
D037,Northeast,2023-10-01,191751.72,76241.95,1250.78,77.53,0.48,2.11,31
D037,Northeast,2023-11-01,175154.74,66365.59,1791.17,79.86,0.5,2.65,31
D037,Northeast,2023-12-01,218071.88,76744.32,1651.19,83.98,0.54,1.3,33
D037,Northeast,2024-01-01,250032.62,122367.98,1803.45,74.65,0.45,2.16,24
D037,Northeast,2024-02-01,276687.67,99939.64,2633.99,86.24,0.56,2.86,22
D037,Northeast,2024-03-01,270198.99,104878.59,2096.4,79.24,0.49,2.64,23
D037,Northeast,2024-04-01,395407.1,121331.55,2088.87,76.45,0.46,2.09,19
D037,Northeast,2024-05-01,309327.91,154595.86,2324.08,75.58,0.46,2.68,18
D037,Northeast,2024-06-01,270143.94,123763.9,1657.29,87.28,0.57,1.36,27
D037,Northeast,2024-07-01,220198.87,99010.53,1174.95,88.38,0.58,2.85,28
D037,Northeast,2024-08-01,245694.84,76846.78,1476.59,78.9,0.49,3.31,33
D037,Northeast,2024-09-01,213436.09,92448.37,1396.09,80.63,0.51,1.69,35
D037,Northeast,2024-10-01,150345.4,48735.35,952.03,79.86,0.5,1.57,25
D037,Northeast,2024-11-01,196167.26,60057.59,1578.33,78.89,0.49,2.99,33
D037,Northeast,2024-12-01,244121.46,113862.87,1173.38,87.15,0.57,1.79,26
D038,Midwest,2023-01-01,197119.97,94563.93,2112.68,85.77,0.71,2.56,23
D038,Midwest,2023-02-01,217016.45,76160.64,1779.44,87.98,0.73,1.83,18
D038,Midwest,2023-03-01,211255.45,99623.39,1616.68,83.29,0.68,2.72,21
D038,Midwest,2023-04-01,276251.25,87724.85,2057.23,92.15,0.77,2.5,19
D038,Midwest,2023-05-01,208221.53,82314.99,1766.7,88.07,0.73,2.33,23
D038,Midwest,2023-06-01,212280.83,81297.09,1567.42,85.86,0.71,2.6,20
D038,Midwest,2023-07-01,202940.72,75382.01,1993.9,87.2,0.72,1.85,27
D038,Midwest,2023-08-01,182968.36,69215.26,1127.03,85.77,0.71,2.14,16
D038,Midwest,2023-09-01,154525.98,73439.78,1386.26,84.85,0.7,2.71,39
D038,Midwest,2023-10-01,153600.09,46970.81,1155.11,84.0,0.69,3.43,19
D038,Midwest,2023-11-01,161009.21,74614.95,1828.44,90.81,0.76,2.94,32
D038,Midwest,2023-12-01,148369.65,71724.81,1455.66,83.86,0.69,1.84,23
D038,Midwest,2024-01-01,185885.74,67649.47,1481.63,88.82,0.74,3.01,22
D038,Midwest,2024-02-01,229540.41,81370.57,1557.81,84.68,0.7,2.4,24
D038,Midwest,2024-03-01,223845.62,108009.28,1945.4,90.66,0.76,3.08,23
D038,Midwest,2024-04-01,255271.48,104851.65,1957.62,77.18,0.62,3.32,25
D038,Midwest,2024-05-01,243229.9,74827.38,2662.82,86.47,0.71,3.23,22
D038,Midwest,2024-06-01,194474.56,63144.47,1631.52,85.52,0.71,2.48,25
D038,Midwest,2024-07-01,183022.96,87614.36,1572.89,82.15,0.67,1.49,22
D038,Midwest,2024-08-01,163608.62,74655.37,909.97,89.27,0.74,2.52,25
D038,Midwest,2024-09-01,163605.88,76998.59,1502.41,86.82,0.72,2.18,30
D038,Midwest,2024-10-01,154180.73,64506.58,1316.57,88.0,0.73,3.0,20
D038,Midwest,2024-11-01,136575.91,60651.55,1391.94,90.08,0.75,2.06,32
D038,Midwest,2024-12-01,190163.92,57482.36,1097.78,87.62,0.73,2.99,22
D039,South,2023-01-01,176438.54,86517.18,1338.84,89.16,0.84,3.0,13
D039,South,2023-02-01,203413.77,83773.35,1797.87,96.04,0.9,1.52,30
D039,South,2023-03-01,193871.06,88036.13,2254.15,85.35,0.8,3.68,25
D039,South,2023-04-01,191253.66,90752.69,1828.47,86.78,0.82,3.21,9
D039,South,2023-05-01,197510.79,68900.99,1626.29,92.05,0.87,1.93,22
D039,South,2023-06-01,186888.45,71945.73,1292.08,94.75,0.9,3.22,31
D039,South,2023-07-01,146910.25,47351.93,1218.69,91.85,0.87,1.84,22
D039,South,2023-08-01,166976.64,56038.04,1590.79,89.79,0.85,2.41,34
D039,South,2023-09-01,150270.16,60544.66,1315.92,92.12,0.87,2.23,30
D039,South,2023-10-01,140359.43,63045.64,1288.34,92.35,0.87,2.98,32
D039,South,2023-11-01,138004.87,63550.14,1211.12,90.62,0.86,2.46,22
D039,South,2023-12-01,175811.14,71122.42,1380.41,90.4,0.85,2.01,24
D039,South,2024-01-01,132371.14,60963.94,1806.01,84.75,0.8,3.97,26
D039,South,2024-02-01,168762.13,80339.14,1014.27,89.66,0.85,3.06,19
D039,South,2024-03-01,205716.32,90087.62,1359.88,89.42,0.84,3.18,20
D039,South,2024-04-01,216962.0,88257.04,1737.24,91.24,0.86,2.32,19
D039,South,2024-05-01,184573.17,57696.52,1924.63,86.9,0.82,2.91,25
D039,South,2024-06-01,207219.61,70888.24,1220.4,89.48,0.84,1.81,31
D039,South,2024-07-01,174937.16,60142.35,960.96,91.61,0.87,2.18,18
D039,South,2024-08-01,149665.19,67967.23,1333.7,92.47,0.87,3.52,38
D039,South,2024-09-01,156655.85,48494.38,1126.83,88.24,0.83,2.38,25
D039,South,2024-10-01,167455.08,78475.41,864.82,91.77,0.87,1.76,23
D039,South,2024-11-01,158208.03,60536.83,1248.83,88.71,0.84,2.82,27
D039,South,2024-12-01,173798.12,52270.4,1420.02,87.0,0.82,3.49,23
D040,Northeast,2023-01-01,239309.66,97261.09,1249.72,78.98,0.49,2.69,32
D040,Northeast,2023-02-01,276288.19,123601.22,1301.95,83.18,0.53,2.45,26
D040,Northeast,2023-03-01,328085.5,120390.01,1746.03,78.07,0.48,3.33,28
D040,Northeast,2023-04-01,333546.11,130100.67,1574.67,79.24,0.49,2.04,16
D040,Northeast,2023-05-01,256922.55,89521.88,2154.53,79.35,0.49,2.55,21
D040,Northeast,2023-06-01,231987.65,98979.09,1303.44,78.12,0.48,1.93,20
D040,Northeast,2023-07-01,209892.35,93169.97,1961.76,80.14,0.5,1.59,16
D040,Northeast,2023-08-01,212397.33,103773.63,1227.02,82.41,0.52,2.71,29
D040,Northeast,2023-09-01,168719.84,67893.65,1122.71,79.93,0.5,3.77,21
D040,Northeast,2023-10-01,189761.56,75716.98,1204.33,80.65,0.51,3.0,26
D040,Northeast,2023-11-01,186001.17,65653.44,987.71,82.41,0.52,3.02,21
D040,Northeast,2023-12-01,169669.34,63452.55,1704.01,78.06,0.48,3.01,29
D040,Northeast,2024-01-01,217993.44,80121.78,1699.09,77.58,0.48,3.04,28
D040,Northeast,2024-02-01,296564.65,101500.02,1718.92,72.51,0.43,2.43,25
D040,Northeast,2024-03-01,288220.85,89826.75,1974.2,82.48,0.52,2.95,16
D040,Northeast,2024-04-01,272921.79,124895.5,1686.21,82.8,0.53,2.77,20
D040,Northeast,2024-05-01,241210.22,86104.94,1638.34,78.73,0.49,4.27,22
D040,Northeast,2024-06-01,273494.49,92538.14,1613.74,87.22,0.57,2.22,29
D040,Northeast,2024-07-01,192772.76,78453.61,1854.0,83.76,0.54,1.89,28
D040,Northeast,2024-08-01,213064.24,64264.79,1344.62,80.38,0.5,2.29,30
D040,Northeast,2024-09-01,160895.38,53646.84,1374.07,76.01,0.46,1.69,29
D040,Northeast,2024-10-01,191074.87,82963.74,1091.76,79.73,0.5,2.52,32
D040,Northeast,2024-11-01,227435.63,110276.91,1932.77,79.3,0.49,3.98,34
D040,Northeast,2024-12-01,209131.07,98049.41,1684.04,82.39,0.52,2.26,31
D041,West,2023-01-01,223759.03,98294.56,1426.07,80.64,0.56,1.91,28
D041,West,2023-02-01,310441.7,101496.78,2322.39,80.93,0.56,2.53,22
D041,West,2023-03-01,315241.6,99146.45,2103.11,79.6,0.55,2.83,20
D041,West,2023-04-01,266712.24,118183.55,1694.88,80.97,0.56,2.27,23
D041,West,2023-05-01,322698.22,107697.41,2060.17,89.36,0.64,1.3,13
D041,West,2023-06-01,306903.49,101904.01,2051.73,82.85,0.58,3.65,23
D041,West,2023-07-01,235516.25,80535.98,1480.38,83.83,0.59,1.93,20
D041,West,2023-08-01,232494.66,72614.68,1215.41,79.18,0.54,2.85,30
D041,West,2023-09-01,198925.61,68328.86,1224.31,79.85,0.55,1.5,23
D041,West,2023-10-01,197771.55,68258.66,1064.47,84.99,0.6,2.49,20
D041,West,2023-11-01,239875.78,82056.06,1474.39,77.93,0.53,1.84,28
D041,West,2023-12-01,236124.04,86796.62,1194.96,83.82,0.59,2.68,24
D041,West,2024-01-01,229969.25,105155.41,1044.66,84.02,0.59,2.95,31
D041,West,2024-02-01,299178.46,99080.77,1522.7,85.81,0.61,2.59,17
D041,West,2024-03-01,278573.78,92299.7,1719.73,78.17,0.53,2.71,12
D041,West,2024-04-01,345660.07,149311.51,1706.42,86.47,0.61,1.68,15
D041,West,2024-05-01,325516.86,101848.05,1775.11,83.57,0.59,2.77,20
D041,West,2024-06-01,268098.5,126499.01,1499.83,86.12,0.61,1.12,28
D041,West,2024-07-01,255388.2,91453.44,1006.5,82.14,0.57,2.34,23
D041,West,2024-08-01,224809.45,77943.32,1711.04,82.6,0.58,2.96,24
D041,West,2024-09-01,207710.78,100459.66,1553.88,83.53,0.59,2.58,32
D041,West,2024-10-01,184566.77,70738.89,1206.98,84.22,0.59,2.32,30
D041,West,2024-11-01,212237.86,102799.07,1435.62,77.95,0.53,2.23,36
D041,West,2024-12-01,213397.89,66421.16,1416.6,85.21,0.6,2.92,28
D042,South,2023-01-01,158635.15,65991.2,1163.64,91.15,0.86,1.48,22
D042,South,2023-02-01,179637.63,73793.05,1067.41,87.66,0.83,2.16,22
D042,South,2023-03-01,187601.92,76992.51,2164.26,92.53,0.88,2.61,25
D042,South,2023-04-01,198160.4,87810.24,1593.78,88.5,0.83,2.57,21
D042,South,2023-05-01,184742.14,63788.86,1980.13,90.95,0.86,1.32,16
D042,South,2023-06-01,166419.68,75557.5,2243.25,91.58,0.87,2.13,18
D042,South,2023-07-01,160453.23,73260.83,1995.82,90.57,0.86,3.24,31
D042,South,2023-08-01,129636.29,45771.2,1623.85,90.54,0.86,2.78,20
D042,South,2023-09-01,126730.06,44849.52,1414.74,89.74,0.85,2.38,31
D042,South,2023-10-01,134187.06,66718.56,1331.86,90.06,0.85,1.97,29
D042,South,2023-11-01,159688.07,79689.44,728.69,86.1,0.81,3.16,30
D042,South,2023-12-01,127103.47,40398.73,1352.95,91.65,0.87,1.69,24
D042,South,2024-01-01,173452.19,74422.98,1538.85,88.09,0.83,2.82,18
D042,South,2024-02-01,188489.9,77653.44,1874.74,89.91,0.85,2.63,28
D042,South,2024-03-01,204185.43,80056.46,2334.64,94.94,0.9,1.34,23
D042,South,2024-04-01,207482.84,82743.63,1756.25,88.15,0.83,3.63,22
D042,South,2024-05-01,204567.68,94551.81,1438.99,88.94,0.84,2.8,26
D042,South,2024-06-01,165459.22,69198.2,2382.03,89.61,0.85,2.91,22
D042,South,2024-07-01,137232.74,45422.44,1706.52,86.63,0.82,2.84,33
D042,South,2024-08-01,142966.94,51069.51,884.91,87.11,0.82,2.62,19
D042,South,2024-09-01,150905.96,62016.52,1036.22,90.11,0.85,3.02,18
D042,South,2024-10-01,128624.56,61515.53,1074.53,87.19,0.82,2.92,21
D042,South,2024-11-01,145913.32,46699.31,1471.09,88.41,0.83,3.24,23
D042,South,2024-12-01,144177.42,69705.43,1643.22,95.22,0.9,2.08,38
D043,West,2023-01-01,254277.62,91775.7,1383.86,82.11,0.57,2.98,21
D043,West,2023-02-01,316153.59,143938.62,2001.93,82.05,0.57,2.28,27
D043,West,2023-03-01,316612.5,100222.74,1945.72,78.57,0.54,2.94,20
D043,West,2023-04-01,312552.72,115868.99,2080.69,84.86,0.6,2.8,24
D043,West,2023-05-01,281402.06,139444.54,1995.66,78.16,0.53,3.26,22
D043,West,2023-06-01,261321.63,108073.64,1233.9,74.13,0.49,2.92,21
D043,West,2023-07-01,246116.11,79950.16,2041.6,80.53,0.56,3.12,27
D043,West,2023-08-01,271211.94,98918.0,1285.18,82.08,0.57,2.43,21
D043,West,2023-09-01,225749.94,87386.25,1444.36,85.12,0.6,1.79,38
D043,West,2023-10-01,204265.12,99654.21,1309.24,84.92,0.6,2.21,32
D043,West,2023-11-01,231729.06,71009.44,937.84,85.78,0.61,3.14,31
D043,West,2023-12-01,244365.47,83195.55,908.11,82.65,0.58,2.28,22
D043,West,2024-01-01,265167.07,120385.44,1517.45,76.04,0.51,3.26,24
D043,West,2024-02-01,279889.92,119946.6,1628.41,78.02,0.53,2.8,20
D043,West,2024-03-01,305143.37,141659.77,1786.51,82.56,0.58,2.76,22
D043,West,2024-04-01,271703.53,129188.21,1694.97,78.9,0.54,2.79,20
D043,West,2024-05-01,295255.93,122725.41,1898.72,84.01,0.59,2.65,19
D043,West,2024-06-01,271339.35,87254.91,1704.35,82.22,0.57,2.11,21
D043,West,2024-07-01,214279.3,77251.64,1572.32,91.25,0.66,1.57,24
D043,West,2024-08-01,193749.26,79111.52,1286.89,87.4,0.62,3.33,24
D043,West,2024-09-01,187398.94,79645.28,1440.38,83.6,0.59,1.98,43
D043,West,2024-10-01,192998.14,65648.96,1668.0,82.51,0.58,2.19,32
D043,West,2024-11-01,196180.0,85481.49,1195.2,81.52,0.57,2.38,36
D043,West,2024-12-01,232089.25,77862.77,1677.57,93.76,0.69,1.23,23
D044,South,2023-01-01,203356.6,80298.43,1793.35,88.91,0.84,2.82,23
D044,South,2023-02-01,174123.46,68173.93,1273.16,90.73,0.86,2.22,17
D044,South,2023-03-01,195733.93,83251.27,2288.44,83.61,0.79,3.36,19
D044,South,2023-04-01,196740.53,78491.38,1727.16,92.82,0.88,2.03,23
D044,South,2023-05-01,192113.19,77662.44,1511.07,89.12,0.84,2.03,16
D044,South,2023-06-01,182545.38,60867.78,1676.09,88.21,0.83,2.4,30
D044,South,2023-07-01,151166.75,61732.88,1798.71,93.68,0.89,2.47,30
D044,South,2023-08-01,160705.82,56624.79,790.46,92.14,0.87,2.57,33
D044,South,2023-09-01,134576.91,62750.97,1522.5,90.18,0.85,2.28,26
D044,South,2023-10-01,121146.71,59773.42,1305.68,92.62,0.88,2.03,41
D044,South,2023-11-01,143379.04,68058.71,1894.19,92.37,0.87,2.46,40
D044,South,2023-12-01,171400.13,52858.86,703.06,87.03,0.82,2.11,26
D044,South,2024-01-01,172260.24,73167.27,1745.63,86.04,0.81,2.55,23
D044,South,2024-02-01,166620.52,77609.5,1356.68,91.25,0.86,2.21,23
D044,South,2024-03-01,222009.01,88094.9,1344.41,90.07,0.85,2.26,17
D044,South,2024-04-01,210390.69,76139.61,1901.23,88.8,0.84,2.98,23
D044,South,2024-05-01,175421.42,86153.72,1881.7,91.23,0.86,1.83,22
D044,South,2024-06-01,165042.93,72420.58,1804.19,87.78,0.83,2.09,20
D044,South,2024-07-01,175434.54,57614.87,1189.21,88.33,0.83,2.83,34
D044,South,2024-08-01,119304.06,47425.71,1821.38,89.46,0.84,2.66,32
D044,South,2024-09-01,146005.74,69502.57,1045.69,91.5,0.87,3.01,31
D044,South,2024-10-01,119080.93,57265.4,422.04,89.98,0.85,2.65,24
D044,South,2024-11-01,149517.09,68436.42,1397.01,90.03,0.85,2.17,30
D044,South,2024-12-01,152165.6,62246.77,1945.75,94.63,0.9,1.42,22
D045,Northeast,2023-01-01,250277.97,94875.62,1582.23,82.95,0.53,3.19,36
D045,Northeast,2023-02-01,282604.93,116085.08,1447.51,83.41,0.53,1.88,19
D045,Northeast,2023-03-01,398728.99,179088.2,1528.06,77.25,0.47,2.32,26
D045,Northeast,2023-04-01,358887.96,179398.4,1680.15,73.54,0.44,3.34,28
D045,Northeast,2023-05-01,267383.7,98592.25,1592.67,74.68,0.45,2.31,30
D045,Northeast,2023-06-01,328918.03,120203.11,1531.02,82.45,0.52,1.78,17
D045,Northeast,2023-07-01,252090.15,98868.35,2075.89,74.38,0.44,3.22,31
D045,Northeast,2023-08-01,249002.5,120036.45,960.0,77.23,0.47,2.2,26
D045,Northeast,2023-09-01,251892.06,106123.43,1275.85,83.67,0.54,3.26,33
D045,Northeast,2023-10-01,261783.48,102753.33,1215.44,75.64,0.46,3.24,35
D045,Northeast,2023-11-01,234162.01,111541.33,1094.77,77.13,0.47,2.72,23
D045,Northeast,2023-12-01,237187.75,86445.33,1650.13,79.67,0.5,3.1,27
D045,Northeast,2024-01-01,287032.66,135913.25,1526.65,84.95,0.55,2.16,22
D045,Northeast,2024-02-01,312958.19,145182.42,1814.49,85.57,0.56,1.99,24
D045,Northeast,2024-03-01,289774.11,99175.99,2046.32,82.49,0.52,1.07,23
D045,Northeast,2024-04-01,385973.29,117337.7,1492.99,81.65,0.52,1.74,21
D045,Northeast,2024-05-01,353020.16,127796.15,1486.03,81.13,0.51,1.58,17
D045,Northeast,2024-06-01,370201.78,174449.9,1428.61,84.47,0.54,1.94,22
D045,Northeast,2024-07-01,274823.42,100091.87,1626.07,75.82,0.46,3.02,26
D045,Northeast,2024-08-01,244320.31,89652.0,1349.05,80.22,0.5,2.58,23
D045,Northeast,2024-09-01,218273.93,80130.15,1375.95,79.68,0.5,2.49,31
D045,Northeast,2024-10-01,196794.76,94903.7,1086.73,78.23,0.48,2.62,28
D045,Northeast,2024-11-01,234298.94,103763.89,1235.88,85.02,0.55,2.5,28
D045,Northeast,2024-12-01,274858.8,120587.02,1473.47,77.16,0.47,2.65,26
D046,West,2023-01-01,265386.51,123508.18,1554.63,83.1,0.58,2.89,24
D046,West,2023-02-01,278109.26,108246.48,1268.38,74.68,0.5,4.17,16
D046,West,2023-03-01,320343.31,102458.25,1401.79,80.38,0.55,2.49,27
D046,West,2023-04-01,295006.95,99606.14,1726.52,89.03,0.64,1.48,17
D046,West,2023-05-01,320281.49,100462.59,1433.36,81.69,0.57,2.62,24
D046,West,2023-06-01,293443.28,98853.31,1244.5,85.29,0.6,2.73,23
D046,West,2023-07-01,259231.46,92660.35,1200.51,79.81,0.55,1.94,25
D046,West,2023-08-01,244178.32,107133.62,912.19,83.16,0.58,1.65,30
D046,West,2023-09-01,219299.21,92566.78,1388.78,83.22,0.58,1.78,24
D046,West,2023-10-01,230258.4,76694.51,1030.7,86.37,0.61,2.46,31
D046,West,2023-11-01,209462.76,63482.56,1508.83,86.64,0.62,3.16,23
D046,West,2023-12-01,244640.12,82328.82,1139.89,80.96,0.56,3.09,26
D046,West,2024-01-01,270339.23,115206.67,1309.96,90.88,0.66,1.82,25
D046,West,2024-02-01,271740.71,105092.84,1449.93,84.27,0.59,2.35,22
D046,West,2024-03-01,325571.06,103208.87,2098.22,80.21,0.55,2.44,25
D046,West,2024-04-01,335331.62,112226.99,1440.68,81.1,0.56,1.9,13
D046,West,2024-05-01,294515.51,110290.21,1581.75,84.66,0.6,3.07,24
D046,West,2024-06-01,297939.05,142399.09,1335.04,73.09,0.48,2.77,16
D046,West,2024-07-01,246898.67,119733.39,1501.81,80.08,0.55,2.81,23
D046,West,2024-08-01,224916.15,90267.45,1370.42,83.77,0.59,2.8,27
D046,West,2024-09-01,230475.89,82583.05,1219.09,73.93,0.49,3.0,31
D046,West,2024-10-01,205337.29,73124.31,1623.95,80.52,0.56,2.8,27
D046,West,2024-11-01,197200.04,97398.15,1243.57,84.62,0.6,1.45,31
D046,West,2024-12-01,219260.19,105693.13,1222.29,84.49,0.59,1.41,37
D047,West,2023-01-01,245816.31,84097.65,1939.63,84.23,0.59,2.4,29
D047,West,2023-02-01,256445.51,120159.45,1347.02,79.72,0.55,3.56,27
D047,West,2023-03-01,221768.79,90401.58,1750.55,79.49,0.54,3.01,15
D047,West,2023-04-01,296801.54,106487.81,1696.16,79.91,0.55,2.49,12
D047,West,2023-05-01,263403.96,103524.27,1755.99,82.17,0.57,2.12,17
D047,West,2023-06-01,213353.43,105364.83,2232.82,82.1,0.57,2.36,28
D047,West,2023-07-01,244063.22,117437.19,1597.72,80.35,0.55,1.59,31
D047,West,2023-08-01,224635.23,107692.26,1180.18,82.74,0.58,2.52,21
D047,West,2023-09-01,177670.66,67925.48,1154.26,84.18,0.59,2.69,34
D047,West,2023-10-01,167321.38,73283.04,814.45,80.69,0.56,1.77,32
D047,West,2023-11-01,192718.31,86919.07,1268.96,83.03,0.58,3.36,38
D047,West,2023-12-01,176472.72,72169.81,1358.9,81.53,0.57,2.34,27
D047,West,2024-01-01,240542.99,97267.08,1532.52,80.86,0.56,2.49,16
D047,West,2024-02-01,228166.48,100704.44,1625.15,83.28,0.58,1.8,15
D047,West,2024-03-01,256700.86,90735.0,1940.4,81.5,0.56,3.53,20
D047,West,2024-04-01,301563.54,100624.84,1780.21,84.1,0.59,3.1,14
D047,West,2024-05-01,264690.77,103194.62,1215.69,81.97,0.57,2.1,17
D047,West,2024-06-01,222504.85,70394.37,1862.54,77.26,0.52,1.79,22
D047,West,2024-07-01,236875.95,71691.39,1993.06,78.25,0.53,2.6,25
D047,West,2024-08-01,180876.55,82097.58,664.13,85.14,0.6,2.59,31
D047,West,2024-09-01,197508.81,67603.32,1384.01,82.1,0.57,2.49,19
D047,West,2024-10-01,182308.66,66312.05,1181.55,72.36,0.47,3.17,29
D047,West,2024-11-01,208719.34,96666.66,1403.65,83.5,0.58,2.4,32
D047,West,2024-12-01,205934.18,88286.23,1570.64,84.64,0.6,2.73,38
D048,West,2023-01-01,259273.0,113466.91,1410.28,84.21,0.59,2.75,31
D048,West,2023-02-01,263247.03,111064.19,1267.66,86.7,0.62,1.49,32
D048,West,2023-03-01,318702.92,111685.94,2177.84,79.14,0.54,2.81,21
D048,West,2023-04-01,323407.56,110524.27,1487.92,84.11,0.59,2.59,29
D048,West,2023-05-01,291565.56,122470.28,2001.12,87.17,0.62,2.56,23
D048,West,2023-06-01,290277.39,124243.97,1293.13,77.73,0.53,2.77,16
D048,West,2023-07-01,237233.98,94327.08,1783.08,82.45,0.57,2.84,33
D048,West,2023-08-01,226394.65,78256.97,1331.04,79.89,0.55,2.44,30
D048,West,2023-09-01,195935.27,75718.29,1406.15,79.84,0.55,2.5,28
D048,West,2023-10-01,195940.09,94645.97,815.23,84.15,0.59,1.63,26
D048,West,2023-11-01,211786.4,68220.06,1555.67,92.39,0.67,2.03,37
D048,West,2023-12-01,241809.83,86057.33,1475.09,78.78,0.54,2.27,22
D048,West,2024-01-01,204260.09,76029.68,1388.62,83.0,0.58,2.83,33
D048,West,2024-02-01,278103.96,136407.28,1627.47,84.0,0.59,2.29,19
D048,West,2024-03-01,263577.27,117383.34,2479.8,79.12,0.54,2.92,13
D048,West,2024-04-01,285315.34,92086.24,1647.42,77.79,0.53,2.3,17
D048,West,2024-05-01,284432.35,139217.37,1859.07,85.92,0.61,1.59,18
D048,West,2024-06-01,307289.09,137094.38,1291.04,84.49,0.59,2.22,21
D048,West,2024-07-01,227011.42,69152.53,1538.05,72.48,0.47,2.55,29
D048,West,2024-08-01,236267.5,92378.72,1478.64,87.05,0.62,2.74,23
D048,West,2024-09-01,201716.76,78370.55,1326.36,77.11,0.52,2.23,28
D048,West,2024-10-01,207539.9,69313.62,1428.72,81.68,0.57,2.45,42
D048,West,2024-11-01,208282.45,78845.78,1183.52,80.97,0.56,3.22,31
D048,West,2024-12-01,226240.16,87276.86,1172.06,77.64,0.53,3.31,25
D049,Midwest,2023-01-01,194865.87,75382.64,1376.58,87.11,0.72,2.21,23
D049,Midwest,2023-02-01,209621.77,93269.29,1635.83,84.93,0.7,1.57,24
D049,Midwest,2023-03-01,260849.26,129933.97,2484.8,85.74,0.71,2.22,17
D049,Midwest,2023-04-01,252483.96,78439.14,1702.93,89.08,0.74,2.95,25
D049,Midwest,2023-05-01,226022.98,103585.81,1545.02,91.64,0.77,2.81,22
D049,Midwest,2023-06-01,226518.28,79590.07,1389.46,85.88,0.71,3.31,24
D049,Midwest,2023-07-01,182173.88,68130.41,915.2,88.42,0.73,2.17,32
D049,Midwest,2023-08-01,182780.97,58448.71,1271.82,87.96,0.73,2.19,28
D049,Midwest,2023-09-01,164436.34,63060.5,1095.47,88.07,0.73,3.12,26
D049,Midwest,2023-10-01,176647.89,65864.61,985.09,84.28,0.69,2.18,31
D049,Midwest,2023-11-01,161913.22,61282.59,1318.37,90.23,0.75,2.2,32
D049,Midwest,2023-12-01,189021.3,62543.93,1255.77,84.95,0.7,2.83,29
D049,Midwest,2024-01-01,172944.9,66335.15,1425.67,87.04,0.72,2.64,28
D049,Midwest,2024-02-01,222654.98,98988.62,1685.34,88.05,0.73,2.39,22
D049,Midwest,2024-03-01,224969.12,88125.12,1817.06,91.76,0.77,1.39,20
D049,Midwest,2024-04-01,228339.86,86629.03,2015.74,89.78,0.75,1.95,29
D049,Midwest,2024-05-01,236115.78,104302.8,2256.03,91.8,0.77,2.22,18
D049,Midwest,2024-06-01,220182.75,74865.07,1676.67,85.09,0.7,2.48,25
D049,Midwest,2024-07-01,175554.51,78774.45,1320.96,88.68,0.74,1.13,27
D049,Midwest,2024-08-01,196169.22,91884.57,1495.15,80.94,0.66,3.24,25
D049,Midwest,2024-09-01,161249.61,58594.42,933.95,82.79,0.68,2.02,24
D049,Midwest,2024-10-01,155524.8,69183.96,1532.18,87.71,0.73,2.29,27
D049,Midwest,2024-11-01,167003.35,66855.78,1231.41,92.22,0.77,2.45,25
D049,Midwest,2024-12-01,174795.87,70909.52,1653.56,91.09,0.76,2.51,32
D050,Midwest,2023-01-01,194290.62,83786.98,1374.74,89.82,0.75,2.97,23
D050,Midwest,2023-02-01,210249.39,64479.0,1916.19,85.69,0.71,2.17,37
D050,Midwest,2023-03-01,221922.9,68240.76,2134.71,88.19,0.73,1.77,18
D050,Midwest,2023-04-01,267777.06,130083.24,1891.59,88.9,0.74,2.65,18
D050,Midwest,2023-05-01,227545.64,86497.28,2579.74,84.23,0.69,3.15,19
D050,Midwest,2023-06-01,214367.25,65019.18,1485.74,86.64,0.72,2.89,19
D050,Midwest,2023-07-01,208399.11,77330.23,1695.67,82.96,0.68,3.17,21
D050,Midwest,2023-08-01,173635.0,53371.69,1160.63,94.65,0.8,2.1,23
D050,Midwest,2023-09-01,164806.32,58380.26,842.84,87.09,0.72,2.56,26
D050,Midwest,2023-10-01,157697.22,56127.42,1552.44,87.42,0.72,2.66,27
D050,Midwest,2023-11-01,152526.17,56299.88,1237.42,90.97,0.76,2.51,36
D050,Midwest,2023-12-01,156672.76,68609.02,990.6,87.13,0.72,2.19,31
D050,Midwest,2024-01-01,188187.77,88999.99,1390.87,78.56,0.64,3.83,20
D050,Midwest,2024-02-01,243547.32,79253.04,1752.06,84.94,0.7,2.03,22
D050,Midwest,2024-03-01,248772.12,106693.2,2275.33,85.34,0.7,2.35,25
D050,Midwest,2024-04-01,205472.3,61871.58,1831.36,89.73,0.75,2.11,16
D050,Midwest,2024-05-01,257779.56,120595.55,1772.18,84.49,0.69,2.75,21
D050,Midwest,2024-06-01,224539.13,86749.2,1206.6,85.09,0.7,2.82,20
D050,Midwest,2024-07-01,216021.26,94101.47,1543.27,90.27,0.75,2.36,27
D050,Midwest,2024-08-01,191789.11,90912.08,902.72,86.3,0.71,3.58,22
D050,Midwest,2024-09-01,160524.68,63464.89,1351.41,86.3,0.71,2.16,33
D050,Midwest,2024-10-01,146162.28,44731.27,1083.41,88.57,0.74,2.63,25
D050,Midwest,2024-11-01,170848.0,73694.35,1183.71,83.98,0.69,3.15,27
D050,Midwest,2024-12-01,190906.61,63562.01,1334.46,89.37,0.74,2.34,36
